date,production_bcf
2010-01-01,1737233.0
2010-01-04,1737233.0
2010-01-05,1737233.0
2010-01-06,1737233.0
2010-01-07,1737233.0
2010-01-08,1737233.0
2010-01-11,1737233.0
2010-01-12,1737233.0
2010-01-13,1737233.0
2010-01-14,1737233.0
2010-01-15,1737233.0
2010-01-18,1737233.0
2010-01-19,1737233.0
2010-01-20,1737233.0
2010-01-21,1737233.0
2010-01-22,1737233.0
2010-01-25,1737233.0
2010-01-26,1737233.0
2010-01-27,1737233.0
2010-01-28,1737233.0
2010-01-29,1737233.0
2010-02-01,1602690.0
2010-02-02,1602690.0
2010-02-03,1602690.0
2010-02-04,1602690.0
2010-02-05,1602690.0
2010-02-08,1602690.0
2010-02-09,1602690.0
2010-02-10,1602690.0
2010-02-11,1602690.0
2010-02-12,1602690.0
2010-02-15,1602690.0
2010-02-16,1602690.0
2010-02-17,1602690.0
2010-02-18,1602690.0
2010-02-19,1602690.0
2010-02-22,1602690.0
2010-02-23,1602690.0
2010-02-24,1602690.0
2010-02-25,1602690.0
2010-02-26,1602690.0
2010-03-01,1775686.0
2010-03-02,1775686.0
2010-03-03,1775686.0
2010-03-04,1775686.0
2010-03-05,1775686.0
2010-03-08,1775686.0
2010-03-09,1775686.0
2010-03-10,1775686.0
2010-03-11,1775686.0
2010-03-12,1775686.0
2010-03-15,1775686.0
2010-03-16,1775686.0
2010-03-17,1775686.0
2010-03-18,1775686.0
2010-03-19,1775686.0
2010-03-22,1775686.0
2010-03-23,1775686.0
2010-03-24,1775686.0
2010-03-25,1775686.0
2010-03-26,1775686.0
2010-03-29,1775686.0
2010-03-30,1775686.0
2010-03-31,1775686.0
2010-04-01,1726918.0
2010-04-02,1726918.0
2010-04-05,1726918.0
2010-04-06,1726918.0
2010-04-07,1726918.0
2010-04-08,1726918.0
2010-04-09,1726918.0
2010-04-12,1726918.0
2010-04-13,1726918.0
2010-04-14,1726918.0
2010-04-15,1726918.0
2010-04-16,1726918.0
2010-04-19,1726918.0
2010-04-20,1726918.0
2010-04-21,1726918.0
2010-04-22,1726918.0
2010-04-23,1726918.0
2010-04-26,1726918.0
2010-04-27,1726918.0
2010-04-28,1726918.0
2010-04-29,1726918.0
2010-04-30,1726918.0
2010-05-03,1796596.0
2010-05-04,1796596.0
2010-05-05,1796596.0
2010-05-06,1796596.0
2010-05-07,1796596.0
2010-05-10,1796596.0
2010-05-11,1796596.0
2010-05-12,1796596.0
2010-05-13,1796596.0
2010-05-14,1796596.0
2010-05-17,1796596.0
2010-05-18,1796596.0
2010-05-19,1796596.0
2010-05-20,1796596.0
2010-05-21,1796596.0
2010-05-24,1796596.0
2010-05-25,1796596.0
2010-05-26,1796596.0
2010-05-27,1796596.0
2010-05-28,1796596.0
2010-05-31,1796596.0
2010-06-01,1716613.0
2010-06-02,1716613.0
2010-06-03,1716613.0
2010-06-04,1716613.0
2010-06-07,1716613.0
2010-06-08,1716613.0
2010-06-09,1716613.0
2010-06-10,1716613.0
2010-06-11,1716613.0
2010-06-14,1716613.0
2010-06-15,1716613.0
2010-06-16,1716613.0
2010-06-17,1716613.0
2010-06-18,1716613.0
2010-06-21,1716613.0
2010-06-22,1716613.0
2010-06-23,1716613.0
2010-06-24,1716613.0
2010-06-25,1716613.0
2010-06-28,1716613.0
2010-06-29,1716613.0
2010-06-30,1716613.0
2010-07-01,1805745.0
2010-07-02,1805745.0
2010-07-05,1805745.0
2010-07-06,1805745.0
2010-07-07,1805745.0
2010-07-08,1805745.0
2010-07-09,1805745.0
2010-07-12,1805745.0
2010-07-13,1805745.0
2010-07-14,1805745.0
2010-07-15,1805745.0
2010-07-16,1805745.0
2010-07-19,1805745.0
2010-07-20,1805745.0
2010-07-21,1805745.0
2010-07-22,1805745.0
2010-07-23,1805745.0
2010-07-26,1805745.0
2010-07-27,1805745.0
2010-07-28,1805745.0
2010-07-29,1805745.0
2010-07-30,1805745.0
2010-08-02,1826614.0
2010-08-03,1826614.0
2010-08-04,1826614.0
2010-08-05,1826614.0
2010-08-06,1826614.0
2010-08-09,1826614.0
2010-08-10,1826614.0
2010-08-11,1826614.0
2010-08-12,1826614.0
2010-08-13,1826614.0
2010-08-16,1826614.0
2010-08-17,1826614.0
2010-08-18,1826614.0
2010-08-19,1826614.0
2010-08-20,1826614.0
2010-08-23,1826614.0
2010-08-24,1826614.0
2010-08-25,1826614.0
2010-08-26,1826614.0
2010-08-27,1826614.0
2010-08-30,1826614.0
2010-08-31,1826614.0
2010-09-01,1772370.0
2010-09-02,1772370.0
2010-09-03,1772370.0
2010-09-06,1772370.0
2010-09-07,1772370.0
2010-09-08,1772370.0
2010-09-09,1772370.0
2010-09-10,1772370.0
2010-09-13,1772370.0
2010-09-14,1772370.0
2010-09-15,1772370.0
2010-09-16,1772370.0
2010-09-17,1772370.0
2010-09-20,1772370.0
2010-09-21,1772370.0
2010-09-22,1772370.0
2010-09-23,1772370.0
2010-09-24,1772370.0
2010-09-27,1772370.0
2010-09-28,1772370.0
2010-09-29,1772370.0
2010-09-30,1772370.0
2010-10-01,1862916.0
2010-10-04,1862916.0
2010-10-05,1862916.0
2010-10-06,1862916.0
2010-10-07,1862916.0
2010-10-08,1862916.0
2010-10-11,1862916.0
2010-10-12,1862916.0
2010-10-13,1862916.0
2010-10-14,1862916.0
2010-10-15,1862916.0
2010-10-18,1862916.0
2010-10-19,1862916.0
2010-10-20,1862916.0
2010-10-21,1862916.0
2010-10-22,1862916.0
2010-10-25,1862916.0
2010-10-26,1862916.0
2010-10-27,1862916.0
2010-10-28,1862916.0
2010-10-29,1862916.0
2010-11-01,1802484.0
2010-11-02,1802484.0
2010-11-03,1802484.0
2010-11-04,1802484.0
2010-11-05,1802484.0
2010-11-08,1802484.0
2010-11-09,1802484.0
2010-11-10,1802484.0
2010-11-11,1802484.0
2010-11-12,1802484.0
2010-11-15,1802484.0
2010-11-16,1802484.0
2010-11-17,1802484.0
2010-11-18,1802484.0
2010-11-19,1802484.0
2010-11-22,1802484.0
2010-11-23,1802484.0
2010-11-24,1802484.0
2010-11-25,1802484.0
2010-11-26,1802484.0
2010-11-29,1802484.0
2010-11-30,1802484.0
2010-12-01,1889640.0
2010-12-02,1889640.0
2010-12-03,1889640.0
2010-12-06,1889640.0
2010-12-07,1889640.0
2010-12-08,1889640.0
2010-12-09,1889640.0
2010-12-10,1889640.0
2010-12-13,1889640.0
2010-12-14,1889640.0
2010-12-15,1889640.0
2010-12-16,1889640.0
2010-12-17,1889640.0
2010-12-20,1889640.0
2010-12-21,1889640.0
2010-12-22,1889640.0
2010-12-23,1889640.0
2010-12-24,1889640.0
2010-12-27,1889640.0
2010-12-28,1889640.0
2010-12-29,1889640.0
2010-12-30,1889640.0
2010-12-31,1889640.0
2011-01-03,1860566.0
2011-01-04,1860566.0
2011-01-05,1860566.0
2011-01-06,1860566.0
2011-01-07,1860566.0
2011-01-10,1860566.0
2011-01-11,1860566.0
2011-01-12,1860566.0
2011-01-13,1860566.0
2011-01-14,1860566.0
2011-01-17,1860566.0
2011-01-18,1860566.0
2011-01-19,1860566.0
2011-01-20,1860566.0
2011-01-21,1860566.0
2011-01-24,1860566.0
2011-01-25,1860566.0
2011-01-26,1860566.0
2011-01-27,1860566.0
2011-01-28,1860566.0
2011-01-31,1860566.0
2011-02-01,1647326.0
2011-02-02,1647326.0
2011-02-03,1647326.0
2011-02-04,1647326.0
2011-02-07,1647326.0
2011-02-08,1647326.0
2011-02-09,1647326.0
2011-02-10,1647326.0
2011-02-11,1647326.0
2011-02-14,1647326.0
2011-02-15,1647326.0
2011-02-16,1647326.0
2011-02-17,1647326.0
2011-02-18,1647326.0
2011-02-21,1647326.0
2011-02-22,1647326.0
2011-02-23,1647326.0
2011-02-24,1647326.0
2011-02-25,1647326.0
2011-02-28,1647326.0
2011-03-01,1907851.0
2011-03-02,1907851.0
2011-03-03,1907851.0
2011-03-04,1907851.0
2011-03-07,1907851.0
2011-03-08,1907851.0
2011-03-09,1907851.0
2011-03-10,1907851.0
2011-03-11,1907851.0
2011-03-14,1907851.0
2011-03-15,1907851.0
2011-03-16,1907851.0
2011-03-17,1907851.0
2011-03-18,1907851.0
2011-03-21,1907851.0
2011-03-22,1907851.0
2011-03-23,1907851.0
2011-03-24,1907851.0
2011-03-25,1907851.0
2011-03-28,1907851.0
2011-03-29,1907851.0
2011-03-30,1907851.0
2011-03-31,1907851.0
2011-04-01,1868299.0
2011-04-04,1868299.0
2011-04-05,1868299.0
2011-04-06,1868299.0
2011-04-07,1868299.0
2011-04-08,1868299.0
2011-04-11,1868299.0
2011-04-12,1868299.0
2011-04-13,1868299.0
2011-04-14,1868299.0
2011-04-15,1868299.0
2011-04-18,1868299.0
2011-04-19,1868299.0
2011-04-20,1868299.0
2011-04-21,1868299.0
2011-04-22,1868299.0
2011-04-25,1868299.0
2011-04-26,1868299.0
2011-04-27,1868299.0
2011-04-28,1868299.0
2011-04-29,1868299.0
2011-05-02,1934850.0
2011-05-03,1934850.0
2011-05-04,1934850.0
2011-05-05,1934850.0
2011-05-06,1934850.0
2011-05-09,1934850.0
2011-05-10,1934850.0
2011-05-11,1934850.0
2011-05-12,1934850.0
2011-05-13,1934850.0
2011-05-16,1934850.0
2011-05-17,1934850.0
2011-05-18,1934850.0
2011-05-19,1934850.0
2011-05-20,1934850.0
2011-05-23,1934850.0
2011-05-24,1934850.0
2011-05-25,1934850.0
2011-05-26,1934850.0
2011-05-27,1934850.0
2011-05-30,1934850.0
2011-05-31,1934850.0
2011-06-01,1862207.0
2011-06-02,1862207.0
2011-06-03,1862207.0
2011-06-06,1862207.0
2011-06-07,1862207.0
2011-06-08,1862207.0
2011-06-09,1862207.0
2011-06-10,1862207.0
2011-06-13,1862207.0
2011-06-14,1862207.0
2011-06-15,1862207.0
2011-06-16,1862207.0
2011-06-17,1862207.0
2011-06-20,1862207.0
2011-06-21,1862207.0
2011-06-22,1862207.0
2011-06-23,1862207.0
2011-06-24,1862207.0
2011-06-27,1862207.0
2011-06-28,1862207.0
2011-06-29,1862207.0
2011-06-30,1862207.0
2011-07-01,1936850.0
2011-07-04,1936850.0
2011-07-05,1936850.0
2011-07-06,1936850.0
2011-07-07,1936850.0
2011-07-08,1936850.0
2011-07-11,1936850.0
2011-07-12,1936850.0
2011-07-13,1936850.0
2011-07-14,1936850.0
2011-07-15,1936850.0
2011-07-18,1936850.0
2011-07-19,1936850.0
2011-07-20,1936850.0
2011-07-21,1936850.0
2011-07-22,1936850.0
2011-07-25,1936850.0
2011-07-26,1936850.0
2011-07-27,1936850.0
2011-07-28,1936850.0
2011-07-29,1936850.0
2011-08-01,1959548.0
2011-08-02,1959548.0
2011-08-03,1959548.0
2011-08-04,1959548.0
2011-08-05,1959548.0
2011-08-08,1959548.0
2011-08-09,1959548.0
2011-08-10,1959548.0
2011-08-11,1959548.0
2011-08-12,1959548.0
2011-08-15,1959548.0
2011-08-16,1959548.0
2011-08-17,1959548.0
2011-08-18,1959548.0
2011-08-19,1959548.0
2011-08-22,1959548.0
2011-08-23,1959548.0
2011-08-24,1959548.0
2011-08-25,1959548.0
2011-08-26,1959548.0
2011-08-29,1959548.0
2011-08-30,1959548.0
2011-08-31,1959548.0
2011-09-01,1893345.0
2011-09-02,1893345.0
2011-09-05,1893345.0
2011-09-06,1893345.0
2011-09-07,1893345.0
2011-09-08,1893345.0
2011-09-09,1893345.0
2011-09-12,1893345.0
2011-09-13,1893345.0
2011-09-14,1893345.0
2011-09-15,1893345.0
2011-09-16,1893345.0
2011-09-19,1893345.0
2011-09-20,1893345.0
2011-09-21,1893345.0
2011-09-22,1893345.0
2011-09-23,1893345.0
2011-09-26,1893345.0
2011-09-27,1893345.0
2011-09-28,1893345.0
2011-09-29,1893345.0
2011-09-30,1893345.0
2011-10-03,2018734.0
2011-10-04,2018734.0
2011-10-05,2018734.0
2011-10-06,2018734.0
2011-10-07,2018734.0
2011-10-10,2018734.0
2011-10-11,2018734.0
2011-10-12,2018734.0
2011-10-13,2018734.0
2011-10-14,2018734.0
2011-10-17,2018734.0
2011-10-18,2018734.0
2011-10-19,2018734.0
2011-10-20,2018734.0
2011-10-21,2018734.0
2011-10-24,2018734.0
2011-10-25,2018734.0
2011-10-26,2018734.0
2011-10-27,2018734.0
2011-10-28,2018734.0
2011-10-31,2018734.0
2011-11-01,1978161.0
2011-11-02,1978161.0
2011-11-03,1978161.0
2011-11-04,1978161.0
2011-11-07,1978161.0
2011-11-08,1978161.0
2011-11-09,1978161.0
2011-11-10,1978161.0
2011-11-11,1978161.0
2011-11-14,1978161.0
2011-11-15,1978161.0
2011-11-16,1978161.0
2011-11-17,1978161.0
2011-11-18,1978161.0
2011-11-21,1978161.0
2011-11-22,1978161.0
2011-11-23,1978161.0
2011-11-24,1978161.0
2011-11-25,1978161.0
2011-11-28,1978161.0
2011-11-29,1978161.0
2011-11-30,1978161.0
2011-12-01,2034141.0
2011-12-02,2034141.0
2011-12-05,2034141.0
2011-12-06,2034141.0
2011-12-07,2034141.0
2011-12-08,2034141.0
2011-12-09,2034141.0
2011-12-12,2034141.0
2011-12-13,2034141.0
2011-12-14,2034141.0
2011-12-15,2034141.0
2011-12-16,2034141.0
2011-12-19,2034141.0
2011-12-20,2034141.0
2011-12-21,2034141.0
2011-12-22,2034141.0
2011-12-23,2034141.0
2011-12-26,2034141.0
2011-12-27,2034141.0
2011-12-28,2034141.0
2011-12-29,2034141.0
2011-12-30,2034141.0
2012-01-02,2046268.0
2012-01-03,2046268.0
2012-01-04,2046268.0
2012-01-05,2046268.0
2012-01-06,2046268.0
2012-01-09,2046268.0
2012-01-10,2046268.0
2012-01-11,2046268.0
2012-01-12,2046268.0
2012-01-13,2046268.0
2012-01-16,2046268.0
2012-01-17,2046268.0
2012-01-18,2046268.0
2012-01-19,2046268.0
2012-01-20,2046268.0
2012-01-23,2046268.0
2012-01-24,2046268.0
2012-01-25,2046268.0
2012-01-26,2046268.0
2012-01-27,2046268.0
2012-01-30,2046268.0
2012-01-31,2046268.0
2012-02-01,1876815.0
2012-02-02,1876815.0
2012-02-03,1876815.0
2012-02-06,1876815.0
2012-02-07,1876815.0
2012-02-08,1876815.0
2012-02-09,1876815.0
2012-02-10,1876815.0
2012-02-13,1876815.0
2012-02-14,1876815.0
2012-02-15,1876815.0
2012-02-16,1876815.0
2012-02-17,1876815.0
2012-02-20,1876815.0
2012-02-21,1876815.0
2012-02-22,1876815.0
2012-02-23,1876815.0
2012-02-24,1876815.0
2012-02-27,1876815.0
2012-02-28,1876815.0
2012-02-29,1876815.0
2012-03-01,2013944.0
2012-03-02,2013944.0
2012-03-05,2013944.0
2012-03-06,2013944.0
2012-03-07,2013944.0
2012-03-08,2013944.0
2012-03-09,2013944.0
2012-03-12,2013944.0
2012-03-13,2013944.0
2012-03-14,2013944.0
2012-03-15,2013944.0
2012-03-16,2013944.0
2012-03-19,2013944.0
2012-03-20,2013944.0
2012-03-21,2013944.0
2012-03-22,2013944.0
2012-03-23,2013944.0
2012-03-26,2013944.0
2012-03-27,2013944.0
2012-03-28,2013944.0
2012-03-29,2013944.0
2012-03-30,2013944.0
2012-04-02,1943437.0
2012-04-03,1943437.0
2012-04-04,1943437.0
2012-04-05,1943437.0
2012-04-06,1943437.0
2012-04-09,1943437.0
2012-04-10,1943437.0
2012-04-11,1943437.0
2012-04-12,1943437.0
2012-04-13,1943437.0
2012-04-16,1943437.0
2012-04-17,1943437.0
2012-04-18,1943437.0
2012-04-19,1943437.0
2012-04-20,1943437.0
2012-04-23,1943437.0
2012-04-24,1943437.0
2012-04-25,1943437.0
2012-04-26,1943437.0
2012-04-27,1943437.0
2012-04-30,1943437.0
2012-05-01,2016486.0
2012-05-02,2016486.0
2012-05-03,2016486.0
2012-05-04,2016486.0
2012-05-07,2016486.0
2012-05-08,2016486.0
2012-05-09,2016486.0
2012-05-10,2016486.0
2012-05-11,2016486.0
2012-05-14,2016486.0
2012-05-15,2016486.0
2012-05-16,2016486.0
2012-05-17,2016486.0
2012-05-18,2016486.0
2012-05-21,2016486.0
2012-05-22,2016486.0
2012-05-23,2016486.0
2012-05-24,2016486.0
2012-05-25,2016486.0
2012-05-28,2016486.0
2012-05-29,2016486.0
2012-05-30,2016486.0
2012-05-31,2016486.0
2012-06-01,1939055.0
2012-06-04,1939055.0
2012-06-05,1939055.0
2012-06-06,1939055.0
2012-06-07,1939055.0
2012-06-08,1939055.0
2012-06-11,1939055.0
2012-06-12,1939055.0
2012-06-13,1939055.0
2012-06-14,1939055.0
2012-06-15,1939055.0
2012-06-18,1939055.0
2012-06-19,1939055.0
2012-06-20,1939055.0
2012-06-21,1939055.0
2012-06-22,1939055.0
2012-06-25,1939055.0
2012-06-26,1939055.0
2012-06-27,1939055.0
2012-06-28,1939055.0
2012-06-29,1939055.0
2012-07-02,2055476.0
2012-07-03,2055476.0
2012-07-04,2055476.0
2012-07-05,2055476.0
2012-07-06,2055476.0
2012-07-09,2055476.0
2012-07-10,2055476.0
2012-07-11,2055476.0
2012-07-12,2055476.0
2012-07-13,2055476.0
2012-07-16,2055476.0
2012-07-17,2055476.0
2012-07-18,2055476.0
2012-07-19,2055476.0
2012-07-20,2055476.0
2012-07-23,2055476.0
2012-07-24,2055476.0
2012-07-25,2055476.0
2012-07-26,2055476.0
2012-07-27,2055476.0
2012-07-30,2055476.0
2012-07-31,2055476.0
2012-08-01,2045359.0
2012-08-02,2045359.0
2012-08-03,2045359.0
2012-08-06,2045359.0
2012-08-07,2045359.0
2012-08-08,2045359.0
2012-08-09,2045359.0
2012-08-10,2045359.0
2012-08-13,2045359.0
2012-08-14,2045359.0
2012-08-15,2045359.0
2012-08-16,2045359.0
2012-08-17,2045359.0
2012-08-20,2045359.0
2012-08-21,2045359.0
2012-08-22,2045359.0
2012-08-23,2045359.0
2012-08-24,2045359.0
2012-08-27,2045359.0
2012-08-28,2045359.0
2012-08-29,2045359.0
2012-08-30,2045359.0
2012-08-31,2045359.0
2012-09-03,1990747.0
2012-09-04,1990747.0
2012-09-05,1990747.0
2012-09-06,1990747.0
2012-09-07,1990747.0
2012-09-10,1990747.0
2012-09-11,1990747.0
2012-09-12,1990747.0
2012-09-13,1990747.0
2012-09-14,1990747.0
2012-09-17,1990747.0
2012-09-18,1990747.0
2012-09-19,1990747.0
2012-09-20,1990747.0
2012-09-21,1990747.0
2012-09-24,1990747.0
2012-09-25,1990747.0
2012-09-26,1990747.0
2012-09-27,1990747.0
2012-09-28,1990747.0
2012-10-01,2061550.0
2012-10-02,2061550.0
2012-10-03,2061550.0
2012-10-04,2061550.0
2012-10-05,2061550.0
2012-10-08,2061550.0
2012-10-09,2061550.0
2012-10-10,2061550.0
2012-10-11,2061550.0
2012-10-12,2061550.0
2012-10-15,2061550.0
2012-10-16,2061550.0
2012-10-17,2061550.0
2012-10-18,2061550.0
2012-10-19,2061550.0
2012-10-22,2061550.0
2012-10-23,2061550.0
2012-10-24,2061550.0
2012-10-25,2061550.0
2012-10-26,2061550.0
2012-10-29,2061550.0
2012-10-30,2061550.0
2012-10-31,2061550.0
2012-11-01,1997917.0
2012-11-02,1997917.0
2012-11-05,1997917.0
2012-11-06,1997917.0
2012-11-07,1997917.0
2012-11-08,1997917.0
2012-11-09,1997917.0
2012-11-12,1997917.0
2012-11-13,1997917.0
2012-11-14,1997917.0
2012-11-15,1997917.0
2012-11-16,1997917.0
2012-11-19,1997917.0
2012-11-20,1997917.0
2012-11-21,1997917.0
2012-11-22,1997917.0
2012-11-23,1997917.0
2012-11-26,1997917.0
2012-11-27,1997917.0
2012-11-28,1997917.0
2012-11-29,1997917.0
2012-11-30,1997917.0
2012-12-03,2046213.0
2012-12-04,2046213.0
2012-12-05,2046213.0
2012-12-06,2046213.0
2012-12-07,2046213.0
2012-12-10,2046213.0
2012-12-11,2046213.0
2012-12-12,2046213.0
2012-12-13,2046213.0
2012-12-14,2046213.0
2012-12-17,2046213.0
2012-12-18,2046213.0
2012-12-19,2046213.0
2012-12-20,2046213.0
2012-12-21,2046213.0
2012-12-24,2046213.0
2012-12-25,2046213.0
2012-12-26,2046213.0
2012-12-27,2046213.0
2012-12-28,2046213.0
2012-12-31,2046213.0
2013-01-01,2023011.0
2013-01-02,2023011.0
2013-01-03,2023011.0
2013-01-04,2023011.0
2013-01-07,2023011.0
2013-01-08,2023011.0
2013-01-09,2023011.0
2013-01-10,2023011.0
2013-01-11,2023011.0
2013-01-14,2023011.0
2013-01-15,2023011.0
2013-01-16,2023011.0
2013-01-17,2023011.0
2013-01-18,2023011.0
2013-01-21,2023011.0
2013-01-22,2023011.0
2013-01-23,2023011.0
2013-01-24,2023011.0
2013-01-25,2023011.0
2013-01-28,2023011.0
2013-01-29,2023011.0
2013-01-30,2023011.0
2013-01-31,2023011.0
2013-02-01,1832561.0
2013-02-04,1832561.0
2013-02-05,1832561.0
2013-02-06,1832561.0
2013-02-07,1832561.0
2013-02-08,1832561.0
2013-02-11,1832561.0
2013-02-12,1832561.0
2013-02-13,1832561.0
2013-02-14,1832561.0
2013-02-15,1832561.0
2013-02-18,1832561.0
2013-02-19,1832561.0
2013-02-20,1832561.0
2013-02-21,1832561.0
2013-02-22,1832561.0
2013-02-25,1832561.0
2013-02-26,1832561.0
2013-02-27,1832561.0
2013-02-28,1832561.0
2013-03-01,2023443.0
2013-03-04,2023443.0
2013-03-05,2023443.0
2013-03-06,2023443.0
2013-03-07,2023443.0
2013-03-08,2023443.0
2013-03-11,2023443.0
2013-03-12,2023443.0
2013-03-13,2023443.0
2013-03-14,2023443.0
2013-03-15,2023443.0
2013-03-18,2023443.0
2013-03-19,2023443.0
2013-03-20,2023443.0
2013-03-21,2023443.0
2013-03-22,2023443.0
2013-03-25,2023443.0
2013-03-26,2023443.0
2013-03-27,2023443.0
2013-03-28,2023443.0
2013-03-29,2023443.0
2013-04-01,1983451.0
2013-04-02,1983451.0
2013-04-03,1983451.0
2013-04-04,1983451.0
2013-04-05,1983451.0
2013-04-08,1983451.0
2013-04-09,1983451.0
2013-04-10,1983451.0
2013-04-11,1983451.0
2013-04-12,1983451.0
2013-04-15,1983451.0
2013-04-16,1983451.0
2013-04-17,1983451.0
2013-04-18,1983451.0
2013-04-19,1983451.0
2013-04-22,1983451.0
2013-04-23,1983451.0
2013-04-24,1983451.0
2013-04-25,1983451.0
2013-04-26,1983451.0
2013-04-29,1983451.0
2013-04-30,1983451.0
2013-05-01,2042563.0
2013-05-02,2042563.0
2013-05-03,2042563.0
2013-05-06,2042563.0
2013-05-07,2042563.0
2013-05-08,2042563.0
2013-05-09,2042563.0
2013-05-10,2042563.0
2013-05-13,2042563.0
2013-05-14,2042563.0
2013-05-15,2042563.0
2013-05-16,2042563.0
2013-05-17,2042563.0
2013-05-20,2042563.0
2013-05-21,2042563.0
2013-05-22,2042563.0
2013-05-23,2042563.0
2013-05-24,2042563.0
2013-05-27,2042563.0
2013-05-28,2042563.0
2013-05-29,2042563.0
2013-05-30,2042563.0
2013-05-31,2042563.0
2013-06-03,1973764.0
2013-06-04,1973764.0
2013-06-05,1973764.0
2013-06-06,1973764.0
2013-06-07,1973764.0
2013-06-10,1973764.0
2013-06-11,1973764.0
2013-06-12,1973764.0
2013-06-13,1973764.0
2013-06-14,1973764.0
2013-06-17,1973764.0
2013-06-18,1973764.0
2013-06-19,1973764.0
2013-06-20,1973764.0
2013-06-21,1973764.0
2013-06-24,1973764.0
2013-06-25,1973764.0
2013-06-26,1973764.0
2013-06-27,1973764.0
2013-06-28,1973764.0
2013-07-01,2079830.0
2013-07-02,2079830.0
2013-07-03,2079830.0
2013-07-04,2079830.0
2013-07-05,2079830.0
2013-07-08,2079830.0
2013-07-09,2079830.0
2013-07-10,2079830.0
2013-07-11,2079830.0
2013-07-12,2079830.0
2013-07-15,2079830.0
2013-07-16,2079830.0
2013-07-17,2079830.0
2013-07-18,2079830.0
2013-07-19,2079830.0
2013-07-22,2079830.0
2013-07-23,2079830.0
2013-07-24,2079830.0
2013-07-25,2079830.0
2013-07-26,2079830.0
2013-07-29,2079830.0
2013-07-30,2079830.0
2013-07-31,2079830.0
2013-08-01,2075354.0
2013-08-02,2075354.0
2013-08-05,2075354.0
2013-08-06,2075354.0
2013-08-07,2075354.0
2013-08-08,2075354.0
2013-08-09,2075354.0
2013-08-12,2075354.0
2013-08-13,2075354.0
2013-08-14,2075354.0
2013-08-15,2075354.0
2013-08-16,2075354.0
2013-08-19,2075354.0
2013-08-20,2075354.0
2013-08-21,2075354.0
2013-08-22,2075354.0
2013-08-23,2075354.0
2013-08-26,2075354.0
2013-08-27,2075354.0
2013-08-28,2075354.0
2013-08-29,2075354.0
2013-08-30,2075354.0
2013-09-02,2003186.0
2013-09-03,2003186.0
2013-09-04,2003186.0
2013-09-05,2003186.0
2013-09-06,2003186.0
2013-09-09,2003186.0
2013-09-10,2003186.0
2013-09-11,2003186.0
2013-09-12,2003186.0
2013-09-13,2003186.0
2013-09-16,2003186.0
2013-09-17,2003186.0
2013-09-18,2003186.0
2013-09-19,2003186.0
2013-09-20,2003186.0
2013-09-23,2003186.0
2013-09-24,2003186.0
2013-09-25,2003186.0
2013-09-26,2003186.0
2013-09-27,2003186.0
2013-09-30,2003186.0
2013-10-01,2076228.0
2013-10-02,2076228.0
2013-10-03,2076228.0
2013-10-04,2076228.0
2013-10-07,2076228.0
2013-10-08,2076228.0
2013-10-09,2076228.0
2013-10-10,2076228.0
2013-10-11,2076228.0
2013-10-14,2076228.0
2013-10-15,2076228.0
2013-10-16,2076228.0
2013-10-17,2076228.0
2013-10-18,2076228.0
2013-10-21,2076228.0
2013-10-22,2076228.0
2013-10-23,2076228.0
2013-10-24,2076228.0
2013-10-25,2076228.0
2013-10-28,2076228.0
2013-10-29,2076228.0
2013-10-30,2076228.0
2013-10-31,2076228.0
2013-11-01,2029834.0
2013-11-04,2029834.0
2013-11-05,2029834.0
2013-11-06,2029834.0
2013-11-07,2029834.0
2013-11-08,2029834.0
2013-11-11,2029834.0
2013-11-12,2029834.0
2013-11-13,2029834.0
2013-11-14,2029834.0
2013-11-15,2029834.0
2013-11-18,2029834.0
2013-11-19,2029834.0
2013-11-20,2029834.0
2013-11-21,2029834.0
2013-11-22,2029834.0
2013-11-25,2029834.0
2013-11-26,2029834.0
2013-11-27,2029834.0
2013-11-28,2029834.0
2013-11-29,2029834.0
2013-12-02,2062296.0
2013-12-03,2062296.0
2013-12-04,2062296.0
2013-12-05,2062296.0
2013-12-06,2062296.0
2013-12-09,2062296.0
2013-12-10,2062296.0
2013-12-11,2062296.0
2013-12-12,2062296.0
2013-12-13,2062296.0
2013-12-16,2062296.0
2013-12-17,2062296.0
2013-12-18,2062296.0
2013-12-19,2062296.0
2013-12-20,2062296.0
2013-12-23,2062296.0
2013-12-24,2062296.0
2013-12-25,2062296.0
2013-12-26,2062296.0
2013-12-27,2062296.0
2013-12-30,2062296.0
2013-12-31,2062296.0
2014-01-01,2070203.0
2014-01-02,2070203.0
2014-01-03,2070203.0
2014-01-06,2070203.0
2014-01-07,2070203.0
2014-01-08,2070203.0
2014-01-09,2070203.0
2014-01-10,2070203.0
2014-01-13,2070203.0
2014-01-14,2070203.0
2014-01-15,2070203.0
2014-01-16,2070203.0
2014-01-17,2070203.0
2014-01-20,2070203.0
2014-01-21,2070203.0
2014-01-22,2070203.0
2014-01-23,2070203.0
2014-01-24,2070203.0
2014-01-27,2070203.0
2014-01-28,2070203.0
2014-01-29,2070203.0
2014-01-30,2070203.0
2014-01-31,2070203.0
2014-02-03,1914141.0
2014-02-04,1914141.0
2014-02-05,1914141.0
2014-02-06,1914141.0
2014-02-07,1914141.0
2014-02-10,1914141.0
2014-02-11,1914141.0
2014-02-12,1914141.0
2014-02-13,1914141.0
2014-02-14,1914141.0
2014-02-17,1914141.0
2014-02-18,1914141.0
2014-02-19,1914141.0
2014-02-20,1914141.0
2014-02-21,1914141.0
2014-02-24,1914141.0
2014-02-25,1914141.0
2014-02-26,1914141.0
2014-02-27,1914141.0
2014-02-28,1914141.0
2014-03-03,2134549.0
2014-03-04,2134549.0
2014-03-05,2134549.0
2014-03-06,2134549.0
2014-03-07,2134549.0
2014-03-10,2134549.0
2014-03-11,2134549.0
2014-03-12,2134549.0
2014-03-13,2134549.0
2014-03-14,2134549.0
2014-03-17,2134549.0
2014-03-18,2134549.0
2014-03-19,2134549.0
2014-03-20,2134549.0
2014-03-21,2134549.0
2014-03-24,2134549.0
2014-03-25,2134549.0
2014-03-26,2134549.0
2014-03-27,2134549.0
2014-03-28,2134549.0
2014-03-31,2134549.0
2014-04-01,2116226.0
2014-04-02,2116226.0
2014-04-03,2116226.0
2014-04-04,2116226.0
2014-04-07,2116226.0
2014-04-08,2116226.0
2014-04-09,2116226.0
2014-04-10,2116226.0
2014-04-11,2116226.0
2014-04-14,2116226.0
2014-04-15,2116226.0
2014-04-16,2116226.0
2014-04-17,2116226.0
2014-04-18,2116226.0
2014-04-21,2116226.0
2014-04-22,2116226.0
2014-04-23,2116226.0
2014-04-24,2116226.0
2014-04-25,2116226.0
2014-04-28,2116226.0
2014-04-29,2116226.0
2014-04-30,2116226.0
2014-05-01,2174959.0
2014-05-02,2174959.0
2014-05-05,2174959.0
2014-05-06,2174959.0
2014-05-07,2174959.0
2014-05-08,2174959.0
2014-05-09,2174959.0
2014-05-12,2174959.0
2014-05-13,2174959.0
2014-05-14,2174959.0
2014-05-15,2174959.0
2014-05-16,2174959.0
2014-05-19,2174959.0
2014-05-20,2174959.0
2014-05-21,2174959.0
2014-05-22,2174959.0
2014-05-23,2174959.0
2014-05-26,2174959.0
2014-05-27,2174959.0
2014-05-28,2174959.0
2014-05-29,2174959.0
2014-05-30,2174959.0
2014-06-02,2115666.0
2014-06-03,2115666.0
2014-06-04,2115666.0
2014-06-05,2115666.0
2014-06-06,2115666.0
2014-06-09,2115666.0
2014-06-10,2115666.0
2014-06-11,2115666.0
2014-06-12,2115666.0
2014-06-13,2115666.0
2014-06-16,2115666.0
2014-06-17,2115666.0
2014-06-18,2115666.0
2014-06-19,2115666.0
2014-06-20,2115666.0
2014-06-23,2115666.0
2014-06-24,2115666.0
2014-06-25,2115666.0
2014-06-26,2115666.0
2014-06-27,2115666.0
2014-06-30,2115666.0
2014-07-01,2232675.0
2014-07-02,2232675.0
2014-07-03,2232675.0
2014-07-04,2232675.0
2014-07-07,2232675.0
2014-07-08,2232675.0
2014-07-09,2232675.0
2014-07-10,2232675.0
2014-07-11,2232675.0
2014-07-14,2232675.0
2014-07-15,2232675.0
2014-07-16,2232675.0
2014-07-17,2232675.0
2014-07-18,2232675.0
2014-07-21,2232675.0
2014-07-22,2232675.0
2014-07-23,2232675.0
2014-07-24,2232675.0
2014-07-25,2232675.0
2014-07-28,2232675.0
2014-07-29,2232675.0
2014-07-30,2232675.0
2014-07-31,2232675.0
2014-08-01,2244834.0
2014-08-04,2244834.0
2014-08-05,2244834.0
2014-08-06,2244834.0
2014-08-07,2244834.0
2014-08-08,2244834.0
2014-08-11,2244834.0
2014-08-12,2244834.0
2014-08-13,2244834.0
2014-08-14,2244834.0
2014-08-15,2244834.0
2014-08-18,2244834.0
2014-08-19,2244834.0
2014-08-20,2244834.0
2014-08-21,2244834.0
2014-08-22,2244834.0
2014-08-25,2244834.0
2014-08-26,2244834.0
2014-08-27,2244834.0
2014-08-28,2244834.0
2014-08-29,2244834.0
2014-09-01,2171651.0
2014-09-02,2171651.0
2014-09-03,2171651.0
2014-09-04,2171651.0
2014-09-05,2171651.0
2014-09-08,2171651.0
2014-09-09,2171651.0
2014-09-10,2171651.0
2014-09-11,2171651.0
2014-09-12,2171651.0
2014-09-15,2171651.0
2014-09-16,2171651.0
2014-09-17,2171651.0
2014-09-18,2171651.0
2014-09-19,2171651.0
2014-09-22,2171651.0
2014-09-23,2171651.0
2014-09-24,2171651.0
2014-09-25,2171651.0
2014-09-26,2171651.0
2014-09-29,2171651.0
2014-09-30,2171651.0
2014-10-01,2266298.0
2014-10-02,2266298.0
2014-10-03,2266298.0
2014-10-06,2266298.0
2014-10-07,2266298.0
2014-10-08,2266298.0
2014-10-09,2266298.0
2014-10-10,2266298.0
2014-10-13,2266298.0
2014-10-14,2266298.0
2014-10-15,2266298.0
2014-10-16,2266298.0
2014-10-17,2266298.0
2014-10-20,2266298.0
2014-10-21,2266298.0
2014-10-22,2266298.0
2014-10-23,2266298.0
2014-10-24,2266298.0
2014-10-27,2266298.0
2014-10-28,2266298.0
2014-10-29,2266298.0
2014-10-30,2266298.0
2014-10-31,2266298.0
2014-11-03,2179157.0
2014-11-04,2179157.0
2014-11-05,2179157.0
2014-11-06,2179157.0
2014-11-07,2179157.0
2014-11-10,2179157.0
2014-11-11,2179157.0
2014-11-12,2179157.0
2014-11-13,2179157.0
2014-11-14,2179157.0
2014-11-17,2179157.0
2014-11-18,2179157.0
2014-11-19,2179157.0
2014-11-20,2179157.0
2014-11-21,2179157.0
2014-11-24,2179157.0
2014-11-25,2179157.0
2014-11-26,2179157.0
2014-11-27,2179157.0
2014-11-28,2179157.0
2014-12-01,2269247.0
2014-12-02,2269247.0
2014-12-03,2269247.0
2014-12-04,2269247.0
2014-12-05,2269247.0
2014-12-08,2269247.0
2014-12-09,2269247.0
2014-12-10,2269247.0
2014-12-11,2269247.0
2014-12-12,2269247.0
2014-12-15,2269247.0
2014-12-16,2269247.0
2014-12-17,2269247.0
2014-12-18,2269247.0
2014-12-19,2269247.0
2014-12-22,2269247.0
2014-12-23,2269247.0
2014-12-24,2269247.0
2014-12-25,2269247.0
2014-12-26,2269247.0
2014-12-29,2269247.0
2014-12-30,2269247.0
2014-12-31,2269247.0
2015-01-01,2276791.0
2015-01-02,2276791.0
2015-01-05,2276791.0
2015-01-06,2276791.0
2015-01-07,2276791.0
2015-01-08,2276791.0
2015-01-09,2276791.0
2015-01-12,2276791.0
2015-01-13,2276791.0
2015-01-14,2276791.0
2015-01-15,2276791.0
2015-01-16,2276791.0
2015-01-19,2276791.0
2015-01-20,2276791.0
2015-01-21,2276791.0
2015-01-22,2276791.0
2015-01-23,2276791.0
2015-01-26,2276791.0
2015-01-27,2276791.0
2015-01-28,2276791.0
2015-01-29,2276791.0
2015-01-30,2276791.0
2015-02-02,2066675.0
2015-02-03,2066675.0
2015-02-04,2066675.0
2015-02-05,2066675.0
2015-02-06,2066675.0
2015-02-09,2066675.0
2015-02-10,2066675.0
2015-02-11,2066675.0
2015-02-12,2066675.0
2015-02-13,2066675.0
2015-02-16,2066675.0
2015-02-17,2066675.0
2015-02-18,2066675.0
2015-02-19,2066675.0
2015-02-20,2066675.0
2015-02-23,2066675.0
2015-02-24,2066675.0
2015-02-25,2066675.0
2015-02-26,2066675.0
2015-02-27,2066675.0
2015-03-02,2298208.0
2015-03-03,2298208.0
2015-03-04,2298208.0
2015-03-05,2298208.0
2015-03-06,2298208.0
2015-03-09,2298208.0
2015-03-10,2298208.0
2015-03-11,2298208.0
2015-03-12,2298208.0
2015-03-13,2298208.0
2015-03-16,2298208.0
2015-03-17,2298208.0
2015-03-18,2298208.0
2015-03-19,2298208.0
2015-03-20,2298208.0
2015-03-23,2298208.0
2015-03-24,2298208.0
2015-03-25,2298208.0
2015-03-26,2298208.0
2015-03-27,2298208.0
2015-03-30,2298208.0
2015-03-31,2298208.0
2015-04-01,2256179.0
2015-04-02,2256179.0
2015-04-03,2256179.0
2015-04-06,2256179.0
2015-04-07,2256179.0
2015-04-08,2256179.0
2015-04-09,2256179.0
2015-04-10,2256179.0
2015-04-13,2256179.0
2015-04-14,2256179.0
2015-04-15,2256179.0
2015-04-16,2256179.0
2015-04-17,2256179.0
2015-04-20,2256179.0
2015-04-21,2256179.0
2015-04-22,2256179.0
2015-04-23,2256179.0
2015-04-24,2256179.0
2015-04-27,2256179.0
2015-04-28,2256179.0
2015-04-29,2256179.0
2015-04-30,2256179.0
2015-05-01,2297826.0
2015-05-04,2297826.0
2015-05-05,2297826.0
2015-05-06,2297826.0
2015-05-07,2297826.0
2015-05-08,2297826.0
2015-05-11,2297826.0
2015-05-12,2297826.0
2015-05-13,2297826.0
2015-05-14,2297826.0
2015-05-15,2297826.0
2015-05-18,2297826.0
2015-05-19,2297826.0
2015-05-20,2297826.0
2015-05-21,2297826.0
2015-05-22,2297826.0
2015-05-25,2297826.0
2015-05-26,2297826.0
2015-05-27,2297826.0
2015-05-28,2297826.0
2015-05-29,2297826.0
2015-06-01,2218529.0
2015-06-02,2218529.0
2015-06-03,2218529.0
2015-06-04,2218529.0
2015-06-05,2218529.0
2015-06-08,2218529.0
2015-06-09,2218529.0
2015-06-10,2218529.0
2015-06-11,2218529.0
2015-06-12,2218529.0
2015-06-15,2218529.0
2015-06-16,2218529.0
2015-06-17,2218529.0
2015-06-18,2218529.0
2015-06-19,2218529.0
2015-06-22,2218529.0
2015-06-23,2218529.0
2015-06-24,2218529.0
2015-06-25,2218529.0
2015-06-26,2218529.0
2015-06-29,2218529.0
2015-06-30,2218529.0
2015-07-01,2299745.0
2015-07-02,2299745.0
2015-07-03,2299745.0
2015-07-06,2299745.0
2015-07-07,2299745.0
2015-07-08,2299745.0
2015-07-09,2299745.0
2015-07-10,2299745.0
2015-07-13,2299745.0
2015-07-14,2299745.0
2015-07-15,2299745.0
2015-07-16,2299745.0
2015-07-17,2299745.0
2015-07-20,2299745.0
2015-07-21,2299745.0
2015-07-22,2299745.0
2015-07-23,2299745.0
2015-07-24,2299745.0
2015-07-27,2299745.0
2015-07-28,2299745.0
2015-07-29,2299745.0
2015-07-30,2299745.0
2015-07-31,2299745.0
2015-08-03,2302361.0
2015-08-04,2302361.0
2015-08-05,2302361.0
2015-08-06,2302361.0
2015-08-07,2302361.0
2015-08-10,2302361.0
2015-08-11,2302361.0
2015-08-12,2302361.0
2015-08-13,2302361.0
2015-08-14,2302361.0
2015-08-17,2302361.0
2015-08-18,2302361.0
2015-08-19,2302361.0
2015-08-20,2302361.0
2015-08-21,2302361.0
2015-08-24,2302361.0
2015-08-25,2302361.0
2015-08-26,2302361.0
2015-08-27,2302361.0
2015-08-28,2302361.0
2015-08-31,2302361.0
2015-09-01,2242155.0
2015-09-02,2242155.0
2015-09-03,2242155.0
2015-09-04,2242155.0
2015-09-07,2242155.0
2015-09-08,2242155.0
2015-09-09,2242155.0
2015-09-10,2242155.0
2015-09-11,2242155.0
2015-09-14,2242155.0
2015-09-15,2242155.0
2015-09-16,2242155.0
2015-09-17,2242155.0
2015-09-18,2242155.0
2015-09-21,2242155.0
2015-09-22,2242155.0
2015-09-23,2242155.0
2015-09-24,2242155.0
2015-09-25,2242155.0
2015-09-28,2242155.0
2015-09-29,2242155.0
2015-09-30,2242155.0
2015-10-01,2300017.0
2015-10-02,2300017.0
2015-10-05,2300017.0
2015-10-06,2300017.0
2015-10-07,2300017.0
2015-10-08,2300017.0
2015-10-09,2300017.0
2015-10-12,2300017.0
2015-10-13,2300017.0
2015-10-14,2300017.0
2015-10-15,2300017.0
2015-10-16,2300017.0
2015-10-19,2300017.0
2015-10-20,2300017.0
2015-10-21,2300017.0
2015-10-22,2300017.0
2015-10-23,2300017.0
2015-10-26,2300017.0
2015-10-27,2300017.0
2015-10-28,2300017.0
2015-10-29,2300017.0
2015-10-30,2300017.0
2015-11-02,2216479.0
2015-11-03,2216479.0
2015-11-04,2216479.0
2015-11-05,2216479.0
2015-11-06,2216479.0
2015-11-09,2216479.0
2015-11-10,2216479.0
2015-11-11,2216479.0
2015-11-12,2216479.0
2015-11-13,2216479.0
2015-11-16,2216479.0
2015-11-17,2216479.0
2015-11-18,2216479.0
2015-11-19,2216479.0
2015-11-20,2216479.0
2015-11-23,2216479.0
2015-11-24,2216479.0
2015-11-25,2216479.0
2015-11-26,2216479.0
2015-11-27,2216479.0
2015-11-30,2216479.0
2015-12-01,2290495.0
2015-12-02,2290495.0
2015-12-03,2290495.0
2015-12-04,2290495.0
2015-12-07,2290495.0
2015-12-08,2290495.0
2015-12-09,2290495.0
2015-12-10,2290495.0
2015-12-11,2290495.0
2015-12-14,2290495.0
2015-12-15,2290495.0
2015-12-16,2290495.0
2015-12-17,2290495.0
2015-12-18,2290495.0
2015-12-21,2290495.0
2015-12-22,2290495.0
2015-12-23,2290495.0
2015-12-24,2290495.0
2015-12-25,2290495.0
2015-12-28,2290495.0
2015-12-29,2290495.0
2015-12-30,2290495.0
2015-12-31,2290495.0
2016-01-01,2280340.0
2016-01-04,2280340.0
2016-01-05,2280340.0
2016-01-06,2280340.0
2016-01-07,2280340.0
2016-01-08,2280340.0
2016-01-11,2280340.0
2016-01-12,2280340.0
2016-01-13,2280340.0
2016-01-14,2280340.0
2016-01-15,2280340.0
2016-01-18,2280340.0
2016-01-19,2280340.0
2016-01-20,2280340.0
2016-01-21,2280340.0
2016-01-22,2280340.0
2016-01-25,2280340.0
2016-01-26,2280340.0
2016-01-27,2280340.0
2016-01-28,2280340.0
2016-01-29,2280340.0
2016-02-01,2163435.0
2016-02-02,2163435.0
2016-02-03,2163435.0
2016-02-04,2163435.0
2016-02-05,2163435.0
2016-02-08,2163435.0
2016-02-09,2163435.0
2016-02-10,2163435.0
2016-02-11,2163435.0
2016-02-12,2163435.0
2016-02-15,2163435.0
2016-02-16,2163435.0
2016-02-17,2163435.0
2016-02-18,2163435.0
2016-02-19,2163435.0
2016-02-22,2163435.0
2016-02-23,2163435.0
2016-02-24,2163435.0
2016-02-25,2163435.0
2016-02-26,2163435.0
2016-02-29,2163435.0
2016-03-01,2286521.0
2016-03-02,2286521.0
2016-03-03,2286521.0
2016-03-04,2286521.0
2016-03-07,2286521.0
2016-03-08,2286521.0
2016-03-09,2286521.0
2016-03-10,2286521.0
2016-03-11,2286521.0
2016-03-14,2286521.0
2016-03-15,2286521.0
2016-03-16,2286521.0
2016-03-17,2286521.0
2016-03-18,2286521.0
2016-03-21,2286521.0
2016-03-22,2286521.0
2016-03-23,2286521.0
2016-03-24,2286521.0
2016-03-25,2286521.0
2016-03-28,2286521.0
2016-03-29,2286521.0
2016-03-30,2286521.0
2016-03-31,2286521.0
2016-04-01,2211218.0
2016-04-04,2211218.0
2016-04-05,2211218.0
2016-04-06,2211218.0
2016-04-07,2211218.0
2016-04-08,2211218.0
2016-04-11,2211218.0
2016-04-12,2211218.0
2016-04-13,2211218.0
2016-04-14,2211218.0
2016-04-15,2211218.0
2016-04-18,2211218.0
2016-04-19,2211218.0
2016-04-20,2211218.0
2016-04-21,2211218.0
2016-04-22,2211218.0
2016-04-25,2211218.0
2016-04-26,2211218.0
2016-04-27,2211218.0
2016-04-28,2211218.0
2016-04-29,2211218.0
2016-05-02,2258898.0
2016-05-03,2258898.0
2016-05-04,2258898.0
2016-05-05,2258898.0
2016-05-06,2258898.0
2016-05-09,2258898.0
2016-05-10,2258898.0
2016-05-11,2258898.0
2016-05-12,2258898.0
2016-05-13,2258898.0
2016-05-16,2258898.0
2016-05-17,2258898.0
2016-05-18,2258898.0
2016-05-19,2258898.0
2016-05-20,2258898.0
2016-05-23,2258898.0
2016-05-24,2258898.0
2016-05-25,2258898.0
2016-05-26,2258898.0
2016-05-27,2258898.0
2016-05-30,2258898.0
2016-05-31,2258898.0
2016-06-01,2165089.0
2016-06-02,2165089.0
2016-06-03,2165089.0
2016-06-06,2165089.0
2016-06-07,2165089.0
2016-06-08,2165089.0
2016-06-09,2165089.0
2016-06-10,2165089.0
2016-06-13,2165089.0
2016-06-14,2165089.0
2016-06-15,2165089.0
2016-06-16,2165089.0
2016-06-17,2165089.0
2016-06-20,2165089.0
2016-06-21,2165089.0
2016-06-22,2165089.0
2016-06-23,2165089.0
2016-06-24,2165089.0
2016-06-27,2165089.0
2016-06-28,2165089.0
2016-06-29,2165089.0
2016-06-30,2165089.0
2016-07-01,2255564.0
2016-07-04,2255564.0
2016-07-05,2255564.0
2016-07-06,2255564.0
2016-07-07,2255564.0
2016-07-08,2255564.0
2016-07-11,2255564.0
2016-07-12,2255564.0
2016-07-13,2255564.0
2016-07-14,2255564.0
2016-07-15,2255564.0
2016-07-18,2255564.0
2016-07-19,2255564.0
2016-07-20,2255564.0
2016-07-21,2255564.0
2016-07-22,2255564.0
2016-07-25,2255564.0
2016-07-26,2255564.0
2016-07-27,2255564.0
2016-07-28,2255564.0
2016-07-29,2255564.0
2016-08-01,2237678.0
2016-08-02,2237678.0
2016-08-03,2237678.0
2016-08-04,2237678.0
2016-08-05,2237678.0
2016-08-08,2237678.0
2016-08-09,2237678.0
2016-08-10,2237678.0
2016-08-11,2237678.0
2016-08-12,2237678.0
2016-08-15,2237678.0
2016-08-16,2237678.0
2016-08-17,2237678.0
2016-08-18,2237678.0
2016-08-19,2237678.0
2016-08-22,2237678.0
2016-08-23,2237678.0
2016-08-24,2237678.0
2016-08-25,2237678.0
2016-08-26,2237678.0
2016-08-29,2237678.0
2016-08-30,2237678.0
2016-08-31,2237678.0
2016-09-01,2151150.0
2016-09-02,2151150.0
2016-09-05,2151150.0
2016-09-06,2151150.0
2016-09-07,2151150.0
2016-09-08,2151150.0
2016-09-09,2151150.0
2016-09-12,2151150.0
2016-09-13,2151150.0
2016-09-14,2151150.0
2016-09-15,2151150.0
2016-09-16,2151150.0
2016-09-19,2151150.0
2016-09-20,2151150.0
2016-09-21,2151150.0
2016-09-22,2151150.0
2016-09-23,2151150.0
2016-09-26,2151150.0
2016-09-27,2151150.0
2016-09-28,2151150.0
2016-09-29,2151150.0
2016-09-30,2151150.0
2016-10-03,2214145.0
2016-10-04,2214145.0
2016-10-05,2214145.0
2016-10-06,2214145.0
2016-10-07,2214145.0
2016-10-10,2214145.0
2016-10-11,2214145.0
2016-10-12,2214145.0
2016-10-13,2214145.0
2016-10-14,2214145.0
2016-10-17,2214145.0
2016-10-18,2214145.0
2016-10-19,2214145.0
2016-10-20,2214145.0
2016-10-21,2214145.0
2016-10-24,2214145.0
2016-10-25,2214145.0
2016-10-26,2214145.0
2016-10-27,2214145.0
2016-10-28,2214145.0
2016-10-31,2214145.0
2016-11-01,2160600.0
2016-11-02,2160600.0
2016-11-03,2160600.0
2016-11-04,2160600.0
2016-11-07,2160600.0
2016-11-08,2160600.0
2016-11-09,2160600.0
2016-11-10,2160600.0
2016-11-11,2160600.0
2016-11-14,2160600.0
2016-11-15,2160600.0
2016-11-16,2160600.0
2016-11-17,2160600.0
2016-11-18,2160600.0
2016-11-21,2160600.0
2016-11-22,2160600.0
2016-11-23,2160600.0
2016-11-24,2160600.0
2016-11-25,2160600.0
2016-11-28,2160600.0
2016-11-29,2160600.0
2016-11-30,2160600.0
2016-12-01,2207475.0
2016-12-02,2207475.0
2016-12-05,2207475.0
2016-12-06,2207475.0
2016-12-07,2207475.0
2016-12-08,2207475.0
2016-12-09,2207475.0
2016-12-12,2207475.0
2016-12-13,2207475.0
2016-12-14,2207475.0
2016-12-15,2207475.0
2016-12-16,2207475.0
2016-12-19,2207475.0
2016-12-20,2207475.0
2016-12-21,2207475.0
2016-12-22,2207475.0
2016-12-23,2207475.0
2016-12-26,2207475.0
2016-12-27,2207475.0
2016-12-28,2207475.0
2016-12-29,2207475.0
2016-12-30,2207475.0
2017-01-02,2187447.0
2017-01-03,2187447.0
2017-01-04,2187447.0
2017-01-05,2187447.0
2017-01-06,2187447.0
2017-01-09,2187447.0
2017-01-10,2187447.0
2017-01-11,2187447.0
2017-01-12,2187447.0
2017-01-13,2187447.0
2017-01-16,2187447.0
2017-01-17,2187447.0
2017-01-18,2187447.0
2017-01-19,2187447.0
2017-01-20,2187447.0
2017-01-23,2187447.0
2017-01-24,2187447.0
2017-01-25,2187447.0
2017-01-26,2187447.0
2017-01-27,2187447.0
2017-01-30,2187447.0
2017-01-31,2187447.0
2017-02-01,2003393.0
2017-02-02,2003393.0
2017-02-03,2003393.0
2017-02-06,2003393.0
2017-02-07,2003393.0
2017-02-08,2003393.0
2017-02-09,2003393.0
2017-02-10,2003393.0
2017-02-13,2003393.0
2017-02-14,2003393.0
2017-02-15,2003393.0
2017-02-16,2003393.0
2017-02-17,2003393.0
2017-02-20,2003393.0
2017-02-21,2003393.0
2017-02-22,2003393.0
2017-02-23,2003393.0
2017-02-24,2003393.0
2017-02-27,2003393.0
2017-02-28,2003393.0
2017-03-01,2268204.0
2017-03-02,2268204.0
2017-03-03,2268204.0
2017-03-06,2268204.0
2017-03-07,2268204.0
2017-03-08,2268204.0
2017-03-09,2268204.0
2017-03-10,2268204.0
2017-03-13,2268204.0
2017-03-14,2268204.0
2017-03-15,2268204.0
2017-03-16,2268204.0
2017-03-17,2268204.0
2017-03-20,2268204.0
2017-03-21,2268204.0
2017-03-22,2268204.0
2017-03-23,2268204.0
2017-03-24,2268204.0
2017-03-27,2268204.0
2017-03-28,2268204.0
2017-03-29,2268204.0
2017-03-30,2268204.0
2017-03-31,2268204.0
2017-04-03,2197733.0
2017-04-04,2197733.0
2017-04-05,2197733.0
2017-04-06,2197733.0
2017-04-07,2197733.0
2017-04-10,2197733.0
2017-04-11,2197733.0
2017-04-12,2197733.0
2017-04-13,2197733.0
2017-04-14,2197733.0
2017-04-17,2197733.0
2017-04-18,2197733.0
2017-04-19,2197733.0
2017-04-20,2197733.0
2017-04-21,2197733.0
2017-04-24,2197733.0
2017-04-25,2197733.0
2017-04-26,2197733.0
2017-04-27,2197733.0
2017-04-28,2197733.0
2017-05-01,2270953.0
2017-05-02,2270953.0
2017-05-03,2270953.0
2017-05-04,2270953.0
2017-05-05,2270953.0
2017-05-08,2270953.0
2017-05-09,2270953.0
2017-05-10,2270953.0
2017-05-11,2270953.0
2017-05-12,2270953.0
2017-05-15,2270953.0
2017-05-16,2270953.0
2017-05-17,2270953.0
2017-05-18,2270953.0
2017-05-19,2270953.0
2017-05-22,2270953.0
2017-05-23,2270953.0
2017-05-24,2270953.0
2017-05-25,2270953.0
2017-05-26,2270953.0
2017-05-29,2270953.0
2017-05-30,2270953.0
2017-05-31,2270953.0
2017-06-01,2219000.0
2017-06-02,2219000.0
2017-06-05,2219000.0
2017-06-06,2219000.0
2017-06-07,2219000.0
2017-06-08,2219000.0
2017-06-09,2219000.0
2017-06-12,2219000.0
2017-06-13,2219000.0
2017-06-14,2219000.0
2017-06-15,2219000.0
2017-06-16,2219000.0
2017-06-19,2219000.0
2017-06-20,2219000.0
2017-06-21,2219000.0
2017-06-22,2219000.0
2017-06-23,2219000.0
2017-06-26,2219000.0
2017-06-27,2219000.0
2017-06-28,2219000.0
2017-06-29,2219000.0
2017-06-30,2219000.0
2017-07-03,2316614.0
2017-07-04,2316614.0
2017-07-05,2316614.0
2017-07-06,2316614.0
2017-07-07,2316614.0
2017-07-10,2316614.0
2017-07-11,2316614.0
2017-07-12,2316614.0
2017-07-13,2316614.0
2017-07-14,2316614.0
2017-07-17,2316614.0
2017-07-18,2316614.0
2017-07-19,2316614.0
2017-07-20,2316614.0
2017-07-21,2316614.0
2017-07-24,2316614.0
2017-07-25,2316614.0
2017-07-26,2316614.0
2017-07-27,2316614.0
2017-07-28,2316614.0
2017-07-31,2316614.0
2017-08-01,2315312.0
2017-08-02,2315312.0
2017-08-03,2315312.0
2017-08-04,2315312.0
2017-08-07,2315312.0
2017-08-08,2315312.0
2017-08-09,2315312.0
2017-08-10,2315312.0
2017-08-11,2315312.0
2017-08-14,2315312.0
2017-08-15,2315312.0
2017-08-16,2315312.0
2017-08-17,2315312.0
2017-08-18,2315312.0
2017-08-21,2315312.0
2017-08-22,2315312.0
2017-08-23,2315312.0
2017-08-24,2315312.0
2017-08-25,2315312.0
2017-08-28,2315312.0
2017-08-29,2315312.0
2017-08-30,2315312.0
2017-08-31,2315312.0
2017-09-01,2279811.0
2017-09-04,2279811.0
2017-09-05,2279811.0
2017-09-06,2279811.0
2017-09-07,2279811.0
2017-09-08,2279811.0
2017-09-11,2279811.0
2017-09-12,2279811.0
2017-09-13,2279811.0
2017-09-14,2279811.0
2017-09-15,2279811.0
2017-09-18,2279811.0
2017-09-19,2279811.0
2017-09-20,2279811.0
2017-09-21,2279811.0
2017-09-22,2279811.0
2017-09-25,2279811.0
2017-09-26,2279811.0
2017-09-27,2279811.0
2017-09-28,2279811.0
2017-09-29,2279811.0
2017-10-02,2397665.0
2017-10-03,2397665.0
2017-10-04,2397665.0
2017-10-05,2397665.0
2017-10-06,2397665.0
2017-10-09,2397665.0
2017-10-10,2397665.0
2017-10-11,2397665.0
2017-10-12,2397665.0
2017-10-13,2397665.0
2017-10-16,2397665.0
2017-10-17,2397665.0
2017-10-18,2397665.0
2017-10-19,2397665.0
2017-10-20,2397665.0
2017-10-23,2397665.0
2017-10-24,2397665.0
2017-10-25,2397665.0
2017-10-26,2397665.0
2017-10-27,2397665.0
2017-10-30,2397665.0
2017-10-31,2397665.0
2017-11-01,2392537.0
2017-11-02,2392537.0
2017-11-03,2392537.0
2017-11-06,2392537.0
2017-11-07,2392537.0
2017-11-08,2392537.0
2017-11-09,2392537.0
2017-11-10,2392537.0
2017-11-13,2392537.0
2017-11-14,2392537.0
2017-11-15,2392537.0
2017-11-16,2392537.0
2017-11-17,2392537.0
2017-11-20,2392537.0
2017-11-21,2392537.0
2017-11-22,2392537.0
2017-11-23,2392537.0
2017-11-24,2392537.0
2017-11-27,2392537.0
2017-11-28,2392537.0
2017-11-29,2392537.0
2017-11-30,2392537.0
2017-12-01,2491914.0
2017-12-04,2491914.0
2017-12-05,2491914.0
2017-12-06,2491914.0
2017-12-07,2491914.0
2017-12-08,2491914.0
2017-12-11,2491914.0
2017-12-12,2491914.0
2017-12-13,2491914.0
2017-12-14,2491914.0
2017-12-15,2491914.0
2017-12-18,2491914.0
2017-12-19,2491914.0
2017-12-20,2491914.0
2017-12-21,2491914.0
2017-12-22,2491914.0
2017-12-25,2491914.0
2017-12-26,2491914.0
2017-12-27,2491914.0
2017-12-28,2491914.0
2017-12-29,2491914.0
2018-01-01,2441063.0
2018-01-02,2441063.0
2018-01-03,2441063.0
2018-01-04,2441063.0
2018-01-05,2441063.0
2018-01-08,2441063.0
2018-01-09,2441063.0
2018-01-10,2441063.0
2018-01-11,2441063.0
2018-01-12,2441063.0
2018-01-15,2441063.0
2018-01-16,2441063.0
2018-01-17,2441063.0
2018-01-18,2441063.0
2018-01-19,2441063.0
2018-01-22,2441063.0
2018-01-23,2441063.0
2018-01-24,2441063.0
2018-01-25,2441063.0
2018-01-26,2441063.0
2018-01-29,2441063.0
2018-01-30,2441063.0
2018-01-31,2441063.0
2018-02-01,2250905.0
2018-02-02,2250905.0
2018-02-05,2250905.0
2018-02-06,2250905.0
2018-02-07,2250905.0
2018-02-08,2250905.0
2018-02-09,2250905.0
2018-02-12,2250905.0
2018-02-13,2250905.0
2018-02-14,2250905.0
2018-02-15,2250905.0
2018-02-16,2250905.0
2018-02-19,2250905.0
2018-02-20,2250905.0
2018-02-21,2250905.0
2018-02-22,2250905.0
2018-02-23,2250905.0
2018-02-26,2250905.0
2018-02-27,2250905.0
2018-02-28,2250905.0
2018-03-01,2521151.0
2018-03-02,2521151.0
2018-03-05,2521151.0
2018-03-06,2521151.0
2018-03-07,2521151.0
2018-03-08,2521151.0
2018-03-09,2521151.0
2018-03-12,2521151.0
2018-03-13,2521151.0
2018-03-14,2521151.0
2018-03-15,2521151.0
2018-03-16,2521151.0
2018-03-19,2521151.0
2018-03-20,2521151.0
2018-03-21,2521151.0
2018-03-22,2521151.0
2018-03-23,2521151.0
2018-03-26,2521151.0
2018-03-27,2521151.0
2018-03-28,2521151.0
2018-03-29,2521151.0
2018-03-30,2521151.0
2018-04-02,2435681.0
2018-04-03,2435681.0
2018-04-04,2435681.0
2018-04-05,2435681.0
2018-04-06,2435681.0
2018-04-09,2435681.0
2018-04-10,2435681.0
2018-04-11,2435681.0
2018-04-12,2435681.0
2018-04-13,2435681.0
2018-04-16,2435681.0
2018-04-17,2435681.0
2018-04-18,2435681.0
2018-04-19,2435681.0
2018-04-20,2435681.0
2018-04-23,2435681.0
2018-04-24,2435681.0
2018-04-25,2435681.0
2018-04-26,2435681.0
2018-04-27,2435681.0
2018-04-30,2435681.0
2018-05-01,2545810.0
2018-05-02,2545810.0
2018-05-03,2545810.0
2018-05-04,2545810.0
2018-05-07,2545810.0
2018-05-08,2545810.0
2018-05-09,2545810.0
2018-05-10,2545810.0
2018-05-11,2545810.0
2018-05-14,2545810.0
2018-05-15,2545810.0
2018-05-16,2545810.0
2018-05-17,2545810.0
2018-05-18,2545810.0
2018-05-21,2545810.0
2018-05-22,2545810.0
2018-05-23,2545810.0
2018-05-24,2545810.0
2018-05-25,2545810.0
2018-05-28,2545810.0
2018-05-29,2545810.0
2018-05-30,2545810.0
2018-05-31,2545810.0
2018-06-01,2476154.0
2018-06-04,2476154.0
2018-06-05,2476154.0
2018-06-06,2476154.0
2018-06-07,2476154.0
2018-06-08,2476154.0
2018-06-11,2476154.0
2018-06-12,2476154.0
2018-06-13,2476154.0
2018-06-14,2476154.0
2018-06-15,2476154.0
2018-06-18,2476154.0
2018-06-19,2476154.0
2018-06-20,2476154.0
2018-06-21,2476154.0
2018-06-22,2476154.0
2018-06-25,2476154.0
2018-06-26,2476154.0
2018-06-27,2476154.0
2018-06-28,2476154.0
2018-06-29,2476154.0
2018-07-02,2609653.0
2018-07-03,2609653.0
2018-07-04,2609653.0
2018-07-05,2609653.0
2018-07-06,2609653.0
2018-07-09,2609653.0
2018-07-10,2609653.0
2018-07-11,2609653.0
2018-07-12,2609653.0
2018-07-13,2609653.0
2018-07-16,2609653.0
2018-07-17,2609653.0
2018-07-18,2609653.0
2018-07-19,2609653.0
2018-07-20,2609653.0
2018-07-23,2609653.0
2018-07-24,2609653.0
2018-07-25,2609653.0
2018-07-26,2609653.0
2018-07-27,2609653.0
2018-07-30,2609653.0
2018-07-31,2609653.0
2018-08-01,2662285.0
2018-08-02,2662285.0
2018-08-03,2662285.0
2018-08-06,2662285.0
2018-08-07,2662285.0
2018-08-08,2662285.0
2018-08-09,2662285.0
2018-08-10,2662285.0
2018-08-13,2662285.0
2018-08-14,2662285.0
2018-08-15,2662285.0
2018-08-16,2662285.0
2018-08-17,2662285.0
2018-08-20,2662285.0
2018-08-21,2662285.0
2018-08-22,2662285.0
2018-08-23,2662285.0
2018-08-24,2662285.0
2018-08-27,2662285.0
2018-08-28,2662285.0
2018-08-29,2662285.0
2018-08-30,2662285.0
2018-08-31,2662285.0
2018-09-03,2618670.0
2018-09-04,2618670.0
2018-09-05,2618670.0
2018-09-06,2618670.0
2018-09-07,2618670.0
2018-09-10,2618670.0
2018-09-11,2618670.0
2018-09-12,2618670.0
2018-09-13,2618670.0
2018-09-14,2618670.0
2018-09-17,2618670.0
2018-09-18,2618670.0
2018-09-19,2618670.0
2018-09-20,2618670.0
2018-09-21,2618670.0
2018-09-24,2618670.0
2018-09-25,2618670.0
2018-09-26,2618670.0
2018-09-27,2618670.0
2018-09-28,2618670.0
2018-10-01,2740273.0
2018-10-02,2740273.0
2018-10-03,2740273.0
2018-10-04,2740273.0
2018-10-05,2740273.0
2018-10-08,2740273.0
2018-10-09,2740273.0
2018-10-10,2740273.0
2018-10-11,2740273.0
2018-10-12,2740273.0
2018-10-15,2740273.0
2018-10-16,2740273.0
2018-10-17,2740273.0
2018-10-18,2740273.0
2018-10-19,2740273.0
2018-10-22,2740273.0
2018-10-23,2740273.0
2018-10-24,2740273.0
2018-10-25,2740273.0
2018-10-26,2740273.0
2018-10-29,2740273.0
2018-10-30,2740273.0
2018-10-31,2740273.0
2018-11-01,2698177.0
2018-11-02,2698177.0
2018-11-05,2698177.0
2018-11-06,2698177.0
2018-11-07,2698177.0
2018-11-08,2698177.0
2018-11-09,2698177.0
2018-11-12,2698177.0
2018-11-13,2698177.0
2018-11-14,2698177.0
2018-11-15,2698177.0
2018-11-16,2698177.0
2018-11-19,2698177.0
2018-11-20,2698177.0
2018-11-21,2698177.0
2018-11-22,2698177.0
2018-11-23,2698177.0
2018-11-26,2698177.0
2018-11-27,2698177.0
2018-11-28,2698177.0
2018-11-29,2698177.0
2018-11-30,2698177.0
2018-12-03,2774454.0
2018-12-04,2774454.0
2018-12-05,2774454.0
2018-12-06,2774454.0
2018-12-07,2774454.0
2018-12-10,2774454.0
2018-12-11,2774454.0
2018-12-12,2774454.0
2018-12-13,2774454.0
2018-12-14,2774454.0
2018-12-17,2774454.0
2018-12-18,2774454.0
2018-12-19,2774454.0
2018-12-20,2774454.0
2018-12-21,2774454.0
2018-12-24,2774454.0
2018-12-25,2774454.0
2018-12-26,2774454.0
2018-12-27,2774454.0
2018-12-28,2774454.0
2018-12-31,2774454.0
2019-01-01,2766868.0
2019-01-02,2766868.0
2019-01-03,2766868.0
2019-01-04,2766868.0
2019-01-07,2766868.0
2019-01-08,2766868.0
2019-01-09,2766868.0
2019-01-10,2766868.0
2019-01-11,2766868.0
2019-01-14,2766868.0
2019-01-15,2766868.0
2019-01-16,2766868.0
2019-01-17,2766868.0
2019-01-18,2766868.0
2019-01-21,2766868.0
2019-01-22,2766868.0
2019-01-23,2766868.0
2019-01-24,2766868.0
2019-01-25,2766868.0
2019-01-28,2766868.0
2019-01-29,2766868.0
2019-01-30,2766868.0
2019-01-31,2766868.0
2019-02-01,2516133.0
2019-02-04,2516133.0
2019-02-05,2516133.0
2019-02-06,2516133.0
2019-02-07,2516133.0
2019-02-08,2516133.0
2019-02-11,2516133.0
2019-02-12,2516133.0
2019-02-13,2516133.0
2019-02-14,2516133.0
2019-02-15,2516133.0
2019-02-18,2516133.0
2019-02-19,2516133.0
2019-02-20,2516133.0
2019-02-21,2516133.0
2019-02-22,2516133.0
2019-02-25,2516133.0
2019-02-26,2516133.0
2019-02-27,2516133.0
2019-02-28,2516133.0
2019-03-01,2798471.0
2019-03-04,2798471.0
2019-03-05,2798471.0
2019-03-06,2798471.0
2019-03-07,2798471.0
2019-03-08,2798471.0
2019-03-11,2798471.0
2019-03-12,2798471.0
2019-03-13,2798471.0
2019-03-14,2798471.0
2019-03-15,2798471.0
2019-03-18,2798471.0
2019-03-19,2798471.0
2019-03-20,2798471.0
2019-03-21,2798471.0
2019-03-22,2798471.0
2019-03-25,2798471.0
2019-03-26,2798471.0
2019-03-27,2798471.0
2019-03-28,2798471.0
2019-03-29,2798471.0
2019-04-01,2721306.0
2019-04-02,2721306.0
2019-04-03,2721306.0
2019-04-04,2721306.0
2019-04-05,2721306.0
2019-04-08,2721306.0
2019-04-09,2721306.0
2019-04-10,2721306.0
2019-04-11,2721306.0
2019-04-12,2721306.0
2019-04-15,2721306.0
2019-04-16,2721306.0
2019-04-17,2721306.0
2019-04-18,2721306.0
2019-04-19,2721306.0
2019-04-22,2721306.0
2019-04-23,2721306.0
2019-04-24,2721306.0
2019-04-25,2721306.0
2019-04-26,2721306.0
2019-04-29,2721306.0
2019-04-30,2721306.0
2019-05-01,2833477.0
2019-05-02,2833477.0
2019-05-03,2833477.0
2019-05-06,2833477.0
2019-05-07,2833477.0
2019-05-08,2833477.0
2019-05-09,2833477.0
2019-05-10,2833477.0
2019-05-13,2833477.0
2019-05-14,2833477.0
2019-05-15,2833477.0
2019-05-16,2833477.0
2019-05-17,2833477.0
2019-05-20,2833477.0
2019-05-21,2833477.0
2019-05-22,2833477.0
2019-05-23,2833477.0
2019-05-24,2833477.0
2019-05-27,2833477.0
2019-05-28,2833477.0
2019-05-29,2833477.0
2019-05-30,2833477.0
2019-05-31,2833477.0
2019-06-03,2749637.0
2019-06-04,2749637.0
2019-06-05,2749637.0
2019-06-06,2749637.0
2019-06-07,2749637.0
2019-06-10,2749637.0
2019-06-11,2749637.0
2019-06-12,2749637.0
2019-06-13,2749637.0
2019-06-14,2749637.0
2019-06-17,2749637.0
2019-06-18,2749637.0
2019-06-19,2749637.0
2019-06-20,2749637.0
2019-06-21,2749637.0
2019-06-24,2749637.0
2019-06-25,2749637.0
2019-06-26,2749637.0
2019-06-27,2749637.0
2019-06-28,2749637.0
2019-07-01,2856964.0
2019-07-02,2856964.0
2019-07-03,2856964.0
2019-07-04,2856964.0
2019-07-05,2856964.0
2019-07-08,2856964.0
2019-07-09,2856964.0
2019-07-10,2856964.0
2019-07-11,2856964.0
2019-07-12,2856964.0
2019-07-15,2856964.0
2019-07-16,2856964.0
2019-07-17,2856964.0
2019-07-18,2856964.0
2019-07-19,2856964.0
2019-07-22,2856964.0
2019-07-23,2856964.0
2019-07-24,2856964.0
2019-07-25,2856964.0
2019-07-26,2856964.0
2019-07-29,2856964.0
2019-07-30,2856964.0
2019-07-31,2856964.0
2019-08-01,2926429.0
2019-08-02,2926429.0
2019-08-05,2926429.0
2019-08-06,2926429.0
2019-08-07,2926429.0
2019-08-08,2926429.0
2019-08-09,2926429.0
2019-08-12,2926429.0
2019-08-13,2926429.0
2019-08-14,2926429.0
2019-08-15,2926429.0
2019-08-16,2926429.0
2019-08-19,2926429.0
2019-08-20,2926429.0
2019-08-21,2926429.0
2019-08-22,2926429.0
2019-08-23,2926429.0
2019-08-26,2926429.0
2019-08-27,2926429.0
2019-08-28,2926429.0
2019-08-29,2926429.0
2019-08-30,2926429.0
2019-09-02,2842862.0
2019-09-03,2842862.0
2019-09-04,2842862.0
2019-09-05,2842862.0
2019-09-06,2842862.0
2019-09-09,2842862.0
2019-09-10,2842862.0
2019-09-11,2842862.0
2019-09-12,2842862.0
2019-09-13,2842862.0
2019-09-16,2842862.0
2019-09-17,2842862.0
2019-09-18,2842862.0
2019-09-19,2842862.0
2019-09-20,2842862.0
2019-09-23,2842862.0
2019-09-24,2842862.0
2019-09-25,2842862.0
2019-09-26,2842862.0
2019-09-27,2842862.0
2019-09-30,2842862.0
2019-10-01,2963416.0
2019-10-02,2963416.0
2019-10-03,2963416.0
2019-10-04,2963416.0
2019-10-07,2963416.0
2019-10-08,2963416.0
2019-10-09,2963416.0
2019-10-10,2963416.0
2019-10-11,2963416.0
2019-10-14,2963416.0
2019-10-15,2963416.0
2019-10-16,2963416.0
2019-10-17,2963416.0
2019-10-18,2963416.0
2019-10-21,2963416.0
2019-10-22,2963416.0
2019-10-23,2963416.0
2019-10-24,2963416.0
2019-10-25,2963416.0
2019-10-28,2963416.0
2019-10-29,2963416.0
2019-10-30,2963416.0
2019-10-31,2963416.0
2019-11-01,2914843.0
2019-11-04,2914843.0
2019-11-05,2914843.0
2019-11-06,2914843.0
2019-11-07,2914843.0
2019-11-08,2914843.0
2019-11-11,2914843.0
2019-11-12,2914843.0
2019-11-13,2914843.0
2019-11-14,2914843.0
2019-11-15,2914843.0
2019-11-18,2914843.0
2019-11-19,2914843.0
2019-11-20,2914843.0
2019-11-21,2914843.0
2019-11-22,2914843.0
2019-11-25,2914843.0
2019-11-26,2914843.0
2019-11-27,2914843.0
2019-11-28,2914843.0
2019-11-29,2914843.0
2019-12-02,3008614.0
2019-12-03,3008614.0
2019-12-04,3008614.0
2019-12-05,3008614.0
2019-12-06,3008614.0
2019-12-09,3008614.0
2019-12-10,3008614.0
2019-12-11,3008614.0
2019-12-12,3008614.0
2019-12-13,3008614.0
2019-12-16,3008614.0
2019-12-17,3008614.0
2019-12-18,3008614.0
2019-12-19,3008614.0
2019-12-20,3008614.0
2019-12-23,3008614.0
2019-12-24,3008614.0
2019-12-25,3008614.0
2019-12-26,3008614.0
2019-12-27,3008614.0
2019-12-30,3008614.0
2019-12-31,3008614.0
2020-01-01,3018453.0
2020-01-02,3018453.0
2020-01-03,3018453.0
2020-01-06,3018453.0
2020-01-07,3018453.0
2020-01-08,3018453.0
2020-01-09,3018453.0
2020-01-10,3018453.0
2020-01-13,3018453.0
2020-01-14,3018453.0
2020-01-15,3018453.0
2020-01-16,3018453.0
2020-01-17,3018453.0
2020-01-20,3018453.0
2020-01-21,3018453.0
2020-01-22,3018453.0
2020-01-23,3018453.0
2020-01-24,3018453.0
2020-01-27,3018453.0
2020-01-28,3018453.0
2020-01-29,3018453.0
2020-01-30,3018453.0
2020-01-31,3018453.0
2020-02-03,2769451.0
2020-02-04,2769451.0
2020-02-05,2769451.0
2020-02-06,2769451.0
2020-02-07,2769451.0
2020-02-10,2769451.0
2020-02-11,2769451.0
2020-02-12,2769451.0
2020-02-13,2769451.0
2020-02-14,2769451.0
2020-02-17,2769451.0
2020-02-18,2769451.0
2020-02-19,2769451.0
2020-02-20,2769451.0
2020-02-21,2769451.0
2020-02-24,2769451.0
2020-02-25,2769451.0
2020-02-26,2769451.0
2020-02-27,2769451.0
2020-02-28,2769451.0
2020-03-02,2952802.0
2020-03-03,2952802.0
2020-03-04,2952802.0
2020-03-05,2952802.0
2020-03-06,2952802.0
2020-03-09,2952802.0
2020-03-10,2952802.0
2020-03-11,2952802.0
2020-03-12,2952802.0
2020-03-13,2952802.0
2020-03-16,2952802.0
2020-03-17,2952802.0
2020-03-18,2952802.0
2020-03-19,2952802.0
2020-03-20,2952802.0
2020-03-23,2952802.0
2020-03-24,2952802.0
2020-03-25,2952802.0
2020-03-26,2952802.0
2020-03-27,2952802.0
2020-03-30,2952802.0
2020-03-31,2952802.0
2020-04-01,2850742.0
2020-04-02,2850742.0
2020-04-03,2850742.0
2020-04-06,2850742.0
2020-04-07,2850742.0
2020-04-08,2850742.0
2020-04-09,2850742.0
2020-04-10,2850742.0
2020-04-13,2850742.0
2020-04-14,2850742.0
2020-04-15,2850742.0
2020-04-16,2850742.0
2020-04-17,2850742.0
2020-04-20,2850742.0
2020-04-21,2850742.0
2020-04-22,2850742.0
2020-04-23,2850742.0
2020-04-24,2850742.0
2020-04-27,2850742.0
2020-04-28,2850742.0
2020-04-29,2850742.0
2020-04-30,2850742.0
2020-05-01,2723828.0
2020-05-04,2723828.0
2020-05-05,2723828.0
2020-05-06,2723828.0
2020-05-07,2723828.0
2020-05-08,2723828.0
2020-05-11,2723828.0
2020-05-12,2723828.0
2020-05-13,2723828.0
2020-05-14,2723828.0
2020-05-15,2723828.0
2020-05-18,2723828.0
2020-05-19,2723828.0
2020-05-20,2723828.0
2020-05-21,2723828.0
2020-05-22,2723828.0
2020-05-25,2723828.0
2020-05-26,2723828.0
2020-05-27,2723828.0
2020-05-28,2723828.0
2020-05-29,2723828.0
2020-06-01,2712029.0
2020-06-02,2712029.0
2020-06-03,2712029.0
2020-06-04,2712029.0
2020-06-05,2712029.0
2020-06-08,2712029.0
2020-06-09,2712029.0
2020-06-10,2712029.0
2020-06-11,2712029.0
2020-06-12,2712029.0
2020-06-15,2712029.0
2020-06-16,2712029.0
2020-06-17,2712029.0
2020-06-18,2712029.0
2020-06-19,2712029.0
2020-06-22,2712029.0
2020-06-23,2712029.0
2020-06-24,2712029.0
2020-06-25,2712029.0
2020-06-26,2712029.0
2020-06-29,2712029.0
2020-06-30,2712029.0
2020-07-01,2800638.0
2020-07-02,2800638.0
2020-07-03,2800638.0
2020-07-06,2800638.0
2020-07-07,2800638.0
2020-07-08,2800638.0
2020-07-09,2800638.0
2020-07-10,2800638.0
2020-07-13,2800638.0
2020-07-14,2800638.0
2020-07-15,2800638.0
2020-07-16,2800638.0
2020-07-17,2800638.0
2020-07-20,2800638.0
2020-07-21,2800638.0
2020-07-22,2800638.0
2020-07-23,2800638.0
2020-07-24,2800638.0
2020-07-27,2800638.0
2020-07-28,2800638.0
2020-07-29,2800638.0
2020-07-30,2800638.0
2020-07-31,2800638.0
2020-08-03,2802176.0
2020-08-04,2802176.0
2020-08-05,2802176.0
2020-08-06,2802176.0
2020-08-07,2802176.0
2020-08-10,2802176.0
2020-08-11,2802176.0
2020-08-12,2802176.0
2020-08-13,2802176.0
2020-08-14,2802176.0
2020-08-17,2802176.0
2020-08-18,2802176.0
2020-08-19,2802176.0
2020-08-20,2802176.0
2020-08-21,2802176.0
2020-08-24,2802176.0
2020-08-25,2802176.0
2020-08-26,2802176.0
2020-08-27,2802176.0
2020-08-28,2802176.0
2020-08-31,2802176.0
2020-09-01,2738793.0
2020-09-02,2738793.0
2020-09-03,2738793.0
2020-09-04,2738793.0
2020-09-07,2738793.0
2020-09-08,2738793.0
2020-09-09,2738793.0
2020-09-10,2738793.0
2020-09-11,2738793.0
2020-09-14,2738793.0
2020-09-15,2738793.0
2020-09-16,2738793.0
2020-09-17,2738793.0
2020-09-18,2738793.0
2020-09-21,2738793.0
2020-09-22,2738793.0
2020-09-23,2738793.0
2020-09-24,2738793.0
2020-09-25,2738793.0
2020-09-28,2738793.0
2020-09-29,2738793.0
2020-09-30,2738793.0
2020-10-01,2780936.0
2020-10-02,2780936.0
2020-10-05,2780936.0
2020-10-06,2780936.0
2020-10-07,2780936.0
2020-10-08,2780936.0
2020-10-09,2780936.0
2020-10-12,2780936.0
2020-10-13,2780936.0
2020-10-14,2780936.0
2020-10-15,2780936.0
2020-10-16,2780936.0
2020-10-19,2780936.0
2020-10-20,2780936.0
2020-10-21,2780936.0
2020-10-22,2780936.0
2020-10-23,2780936.0
2020-10-26,2780936.0
2020-10-27,2780936.0
2020-10-28,2780936.0
2020-10-29,2780936.0
2020-10-30,2780936.0
2020-11-02,2774983.0
2020-11-03,2774983.0
2020-11-04,2774983.0
2020-11-05,2774983.0
2020-11-06,2774983.0
2020-11-09,2774983.0
2020-11-10,2774983.0
2020-11-11,2774983.0
2020-11-12,2774983.0
2020-11-13,2774983.0
2020-11-16,2774983.0
2020-11-17,2774983.0
2020-11-18,2774983.0
2020-11-19,2774983.0
2020-11-20,2774983.0
2020-11-23,2774983.0
2020-11-24,2774983.0
2020-11-25,2774983.0
2020-11-26,2774983.0
2020-11-27,2774983.0
2020-11-30,2774983.0
2020-12-01,2886298.0
2020-12-02,2886298.0
2020-12-03,2886298.0
2020-12-04,2886298.0
2020-12-07,2886298.0
2020-12-08,2886298.0
2020-12-09,2886298.0
2020-12-10,2886298.0
2020-12-11,2886298.0
2020-12-14,2886298.0
2020-12-15,2886298.0
2020-12-16,2886298.0
2020-12-17,2886298.0
2020-12-18,2886298.0
2020-12-21,2886298.0
2020-12-22,2886298.0
2020-12-23,2886298.0
2020-12-24,2886298.0
2020-12-25,2886298.0
2020-12-28,2886298.0
2020-12-29,2886298.0
2020-12-30,2886298.0
2020-12-31,2886298.0
2021-01-01,2871976.0
2021-01-04,2871976.0
2021-01-05,2871976.0
2021-01-06,2871976.0
2021-01-07,2871976.0
2021-01-08,2871976.0
2021-01-11,2871976.0
2021-01-12,2871976.0
2021-01-13,2871976.0
2021-01-14,2871976.0
2021-01-15,2871976.0
2021-01-18,2871976.0
2021-01-19,2871976.0
2021-01-20,2871976.0
2021-01-21,2871976.0
2021-01-22,2871976.0
2021-01-25,2871976.0
2021-01-26,2871976.0
2021-01-27,2871976.0
2021-01-28,2871976.0
2021-01-29,2871976.0
2021-02-01,2401865.0
2021-02-02,2401865.0
2021-02-03,2401865.0
2021-02-04,2401865.0
2021-02-05,2401865.0
2021-02-08,2401865.0
2021-02-09,2401865.0
2021-02-10,2401865.0
2021-02-11,2401865.0
2021-02-12,2401865.0
2021-02-15,2401865.0
2021-02-16,2401865.0
2021-02-17,2401865.0
2021-02-18,2401865.0
2021-02-19,2401865.0
2021-02-22,2401865.0
2021-02-23,2401865.0
2021-02-24,2401865.0
2021-02-25,2401865.0
2021-02-26,2401865.0
2021-03-01,2900170.0
2021-03-02,2900170.0
2021-03-03,2900170.0
2021-03-04,2900170.0
2021-03-05,2900170.0
2021-03-08,2900170.0
2021-03-09,2900170.0
2021-03-10,2900170.0
2021-03-11,2900170.0
2021-03-12,2900170.0
2021-03-15,2900170.0
2021-03-16,2900170.0
2021-03-17,2900170.0
2021-03-18,2900170.0
2021-03-19,2900170.0
2021-03-22,2900170.0
2021-03-23,2900170.0
2021-03-24,2900170.0
2021-03-25,2900170.0
2021-03-26,2900170.0
2021-03-29,2900170.0
2021-03-30,2900170.0
2021-03-31,2900170.0
2021-04-01,2828588.0
2021-04-02,2828588.0
2021-04-05,2828588.0
2021-04-06,2828588.0
2021-04-07,2828588.0
2021-04-08,2828588.0
2021-04-09,2828588.0
2021-04-12,2828588.0
2021-04-13,2828588.0
2021-04-14,2828588.0
2021-04-15,2828588.0
2021-04-16,2828588.0
2021-04-19,2828588.0
2021-04-20,2828588.0
2021-04-21,2828588.0
2021-04-22,2828588.0
2021-04-23,2828588.0
2021-04-26,2828588.0
2021-04-27,2828588.0
2021-04-28,2828588.0
2021-04-29,2828588.0
2021-04-30,2828588.0
2021-05-03,2920531.0
2021-05-04,2920531.0
2021-05-05,2920531.0
2021-05-06,2920531.0
2021-05-07,2920531.0
2021-05-10,2920531.0
2021-05-11,2920531.0
2021-05-12,2920531.0
2021-05-13,2920531.0
2021-05-14,2920531.0
2021-05-17,2920531.0
2021-05-18,2920531.0
2021-05-19,2920531.0
2021-05-20,2920531.0
2021-05-21,2920531.0
2021-05-24,2920531.0
2021-05-25,2920531.0
2021-05-26,2920531.0
2021-05-27,2920531.0
2021-05-28,2920531.0
2021-05-31,2920531.0
2021-06-01,2816197.0
2021-06-02,2816197.0
2021-06-03,2816197.0
2021-06-04,2816197.0
2021-06-07,2816197.0
2021-06-08,2816197.0
2021-06-09,2816197.0
2021-06-10,2816197.0
2021-06-11,2816197.0
2021-06-14,2816197.0
2021-06-15,2816197.0
2021-06-16,2816197.0
2021-06-17,2816197.0
2021-06-18,2816197.0
2021-06-21,2816197.0
2021-06-22,2816197.0
2021-06-23,2816197.0
2021-06-24,2816197.0
2021-06-25,2816197.0
2021-06-28,2816197.0
2021-06-29,2816197.0
2021-06-30,2816197.0
2021-07-01,2937568.0
2021-07-02,2937568.0
2021-07-05,2937568.0
2021-07-06,2937568.0
2021-07-07,2937568.0
2021-07-08,2937568.0
2021-07-09,2937568.0
2021-07-12,2937568.0
2021-07-13,2937568.0
2021-07-14,2937568.0
2021-07-15,2937568.0
2021-07-16,2937568.0
2021-07-19,2937568.0
2021-07-20,2937568.0
2021-07-21,2937568.0
2021-07-22,2937568.0
2021-07-23,2937568.0
2021-07-26,2937568.0
2021-07-27,2937568.0
2021-07-28,2937568.0
2021-07-29,2937568.0
2021-07-30,2937568.0
2021-08-02,2946272.0
2021-08-03,2946272.0
2021-08-04,2946272.0
2021-08-05,2946272.0
2021-08-06,2946272.0
2021-08-09,2946272.0
2021-08-10,2946272.0
2021-08-11,2946272.0
2021-08-12,2946272.0
2021-08-13,2946272.0
2021-08-16,2946272.0
2021-08-17,2946272.0
2021-08-18,2946272.0
2021-08-19,2946272.0
2021-08-20,2946272.0
2021-08-23,2946272.0
2021-08-24,2946272.0
2021-08-25,2946272.0
2021-08-26,2946272.0
2021-08-27,2946272.0
2021-08-30,2946272.0
2021-08-31,2946272.0
2021-09-01,2870587.0
2021-09-02,2870587.0
2021-09-03,2870587.0
2021-09-06,2870587.0
2021-09-07,2870587.0
2021-09-08,2870587.0
2021-09-09,2870587.0
2021-09-10,2870587.0
2021-09-13,2870587.0
2021-09-14,2870587.0
2021-09-15,2870587.0
2021-09-16,2870587.0
2021-09-17,2870587.0
2021-09-20,2870587.0
2021-09-21,2870587.0
2021-09-22,2870587.0
2021-09-23,2870587.0
2021-09-24,2870587.0
2021-09-27,2870587.0
2021-09-28,2870587.0
2021-09-29,2870587.0
2021-09-30,2870587.0
2021-10-01,3013375.0
2021-10-04,3013375.0
2021-10-05,3013375.0
2021-10-06,3013375.0
2021-10-07,3013375.0
2021-10-08,3013375.0
2021-10-11,3013375.0
2021-10-12,3013375.0
2021-10-13,3013375.0
2021-10-14,3013375.0
2021-10-15,3013375.0
2021-10-18,3013375.0
2021-10-19,3013375.0
2021-10-20,3013375.0
2021-10-21,3013375.0
2021-10-22,3013375.0
2021-10-25,3013375.0
2021-10-26,3013375.0
2021-10-27,3013375.0
2021-10-28,3013375.0
2021-10-29,3013375.0
2021-11-01,2949082.0
2021-11-02,2949082.0
2021-11-03,2949082.0
2021-11-04,2949082.0
2021-11-05,2949082.0
2021-11-08,2949082.0
2021-11-09,2949082.0
2021-11-10,2949082.0
2021-11-11,2949082.0
2021-11-12,2949082.0
2021-11-15,2949082.0
2021-11-16,2949082.0
2021-11-17,2949082.0
2021-11-18,2949082.0
2021-11-19,2949082.0
2021-11-22,2949082.0
2021-11-23,2949082.0
2021-11-24,2949082.0
2021-11-25,2949082.0
2021-11-26,2949082.0
2021-11-29,2949082.0
2021-11-30,2949082.0
2021-12-01,3073064.0
2021-12-02,3073064.0
2021-12-03,3073064.0
2021-12-06,3073064.0
2021-12-07,3073064.0
2021-12-08,3073064.0
2021-12-09,3073064.0
2021-12-10,3073064.0
2021-12-13,3073064.0
2021-12-14,3073064.0
2021-12-15,3073064.0
2021-12-16,3073064.0
2021-12-17,3073064.0
2021-12-20,3073064.0
2021-12-21,3073064.0
2021-12-22,3073064.0
2021-12-23,3073064.0
2021-12-24,3073064.0
2021-12-27,3073064.0
2021-12-28,3073064.0
2021-12-29,3073064.0
2021-12-30,3073064.0
2021-12-31,3073064.0
2022-01-03,2950871.0
2022-01-04,2950871.0
2022-01-05,2950871.0
2022-01-06,2950871.0
2022-01-07,2950871.0
2022-01-10,2950871.0
2022-01-11,2950871.0
2022-01-12,2950871.0
2022-01-13,2950871.0
2022-01-14,2950871.0
2022-01-17,2950871.0
2022-01-18,2950871.0
2022-01-19,2950871.0
2022-01-20,2950871.0
2022-01-21,2950871.0
2022-01-24,2950871.0
2022-01-25,2950871.0
2022-01-26,2950871.0
2022-01-27,2950871.0
2022-01-28,2950871.0
2022-01-31,2950871.0
2022-02-01,2690795.0
2022-02-02,2690795.0
2022-02-03,2690795.0
2022-02-04,2690795.0
2022-02-07,2690795.0
2022-02-08,2690795.0
2022-02-09,2690795.0
2022-02-10,2690795.0
2022-02-11,2690795.0
2022-02-14,2690795.0
2022-02-15,2690795.0
2022-02-16,2690795.0
2022-02-17,2690795.0
2022-02-18,2690795.0
2022-02-21,2690795.0
2022-02-22,2690795.0
2022-02-23,2690795.0
2022-02-24,2690795.0
2022-02-25,2690795.0
2022-02-28,2690795.0
2022-03-01,3027982.0
2022-03-02,3027982.0
2022-03-03,3027982.0
2022-03-04,3027982.0
2022-03-07,3027982.0
2022-03-08,3027982.0
2022-03-09,3027982.0
2022-03-10,3027982.0
2022-03-11,3027982.0
2022-03-14,3027982.0
2022-03-15,3027982.0
2022-03-16,3027982.0
2022-03-17,3027982.0
2022-03-18,3027982.0
2022-03-21,3027982.0
2022-03-22,3027982.0
2022-03-23,3027982.0
2022-03-24,3027982.0
2022-03-25,3027982.0
2022-03-28,3027982.0
2022-03-29,3027982.0
2022-03-30,3027982.0
2022-03-31,3027982.0
2022-04-01,2959139.0
2022-04-04,2959139.0
2022-04-05,2959139.0
2022-04-06,2959139.0
2022-04-07,2959139.0
2022-04-08,2959139.0
2022-04-11,2959139.0
2022-04-12,2959139.0
2022-04-13,2959139.0
2022-04-14,2959139.0
2022-04-15,2959139.0
2022-04-18,2959139.0
2022-04-19,2959139.0
2022-04-20,2959139.0
2022-04-21,2959139.0
2022-04-22,2959139.0
2022-04-25,2959139.0
2022-04-26,2959139.0
2022-04-27,2959139.0
2022-04-28,2959139.0
2022-04-29,2959139.0
2022-05-02,3059893.0
2022-05-03,3059893.0
2022-05-04,3059893.0
2022-05-05,3059893.0
2022-05-06,3059893.0
2022-05-09,3059893.0
2022-05-10,3059893.0
2022-05-11,3059893.0
2022-05-12,3059893.0
2022-05-13,3059893.0
2022-05-16,3059893.0
2022-05-17,3059893.0
2022-05-18,3059893.0
2022-05-19,3059893.0
2022-05-20,3059893.0
2022-05-23,3059893.0
2022-05-24,3059893.0
2022-05-25,3059893.0
2022-05-26,3059893.0
2022-05-27,3059893.0
2022-05-30,3059893.0
2022-05-31,3059893.0
2022-06-01,2970029.0
2022-06-02,2970029.0
2022-06-03,2970029.0
2022-06-06,2970029.0
2022-06-07,2970029.0
2022-06-08,2970029.0
2022-06-09,2970029.0
2022-06-10,2970029.0
2022-06-13,2970029.0
2022-06-14,2970029.0
2022-06-15,2970029.0
2022-06-16,2970029.0
2022-06-17,2970029.0
2022-06-20,2970029.0
2022-06-21,2970029.0
2022-06-22,2970029.0
2022-06-23,2970029.0
2022-06-24,2970029.0
2022-06-27,2970029.0
2022-06-28,2970029.0
2022-06-29,2970029.0
2022-06-30,2970029.0
2022-07-01,3093508.0
2022-07-04,3093508.0
2022-07-05,3093508.0
2022-07-06,3093508.0
2022-07-07,3093508.0
2022-07-08,3093508.0
2022-07-11,3093508.0
2022-07-12,3093508.0
2022-07-13,3093508.0
2022-07-14,3093508.0
2022-07-15,3093508.0
2022-07-18,3093508.0
2022-07-19,3093508.0
2022-07-20,3093508.0
2022-07-21,3093508.0
2022-07-22,3093508.0
2022-07-25,3093508.0
2022-07-26,3093508.0
2022-07-27,3093508.0
2022-07-28,3093508.0
2022-07-29,3093508.0
2022-08-01,3113580.0
2022-08-02,3113580.0
2022-08-03,3113580.0
2022-08-04,3113580.0
2022-08-05,3113580.0
2022-08-08,3113580.0
2022-08-09,3113580.0
2022-08-10,3113580.0
2022-08-11,3113580.0
2022-08-12,3113580.0
2022-08-15,3113580.0
2022-08-16,3113580.0
2022-08-17,3113580.0
2022-08-18,3113580.0
2022-08-19,3113580.0
2022-08-22,3113580.0
2022-08-23,3113580.0
2022-08-24,3113580.0
2022-08-25,3113580.0
2022-08-26,3113580.0
2022-08-29,3113580.0
2022-08-30,3113580.0
2022-08-31,3113580.0
2022-09-01,3059857.0
2022-09-02,3059857.0
2022-09-05,3059857.0
2022-09-06,3059857.0
2022-09-07,3059857.0
2022-09-08,3059857.0
2022-09-09,3059857.0
2022-09-12,3059857.0
2022-09-13,3059857.0
2022-09-14,3059857.0
2022-09-15,3059857.0
2022-09-16,3059857.0
2022-09-19,3059857.0
2022-09-20,3059857.0
2022-09-21,3059857.0
2022-09-22,3059857.0
2022-09-23,3059857.0
2022-09-26,3059857.0
2022-09-27,3059857.0
2022-09-28,3059857.0
2022-09-29,3059857.0
2022-09-30,3059857.0
2022-10-03,3156233.0
2022-10-04,3156233.0
2022-10-05,3156233.0
2022-10-06,3156233.0
2022-10-07,3156233.0
2022-10-10,3156233.0
2022-10-11,3156233.0
2022-10-12,3156233.0
2022-10-13,3156233.0
2022-10-14,3156233.0
2022-10-17,3156233.0
2022-10-18,3156233.0
2022-10-19,3156233.0
2022-10-20,3156233.0
2022-10-21,3156233.0
2022-10-24,3156233.0
2022-10-25,3156233.0
2022-10-26,3156233.0
2022-10-27,3156233.0
2022-10-28,3156233.0
2022-10-31,3156233.0
2022-11-01,3058251.0
2022-11-02,3058251.0
2022-11-03,3058251.0
2022-11-04,3058251.0
2022-11-07,3058251.0
2022-11-08,3058251.0
2022-11-09,3058251.0
2022-11-10,3058251.0
2022-11-11,3058251.0
2022-11-14,3058251.0
2022-11-15,3058251.0
2022-11-16,3058251.0
2022-11-17,3058251.0
2022-11-18,3058251.0
2022-11-21,3058251.0
2022-11-22,3058251.0
2022-11-23,3058251.0
2022-11-24,3058251.0
2022-11-25,3058251.0
2022-11-28,3058251.0
2022-11-29,3058251.0
2022-11-30,3058251.0
2022-12-01,3114806.0
2022-12-02,3114806.0
2022-12-05,3114806.0
2022-12-06,3114806.0
2022-12-07,3114806.0
2022-12-08,3114806.0
2022-12-09,3114806.0
2022-12-12,3114806.0
2022-12-13,3114806.0
2022-12-14,3114806.0
2022-12-15,3114806.0
2022-12-16,3114806.0
2022-12-19,3114806.0
2022-12-20,3114806.0
2022-12-21,3114806.0
2022-12-22,3114806.0
2022-12-23,3114806.0
2022-12-26,3114806.0
2022-12-27,3114806.0
2022-12-28,3114806.0
2022-12-29,3114806.0
2022-12-30,3114806.0
2023-01-02,3163441.0
2023-01-03,3163441.0
2023-01-04,3163441.0
2023-01-05,3163441.0
2023-01-06,3163441.0
2023-01-09,3163441.0
2023-01-10,3163441.0
2023-01-11,3163441.0
2023-01-12,3163441.0
2023-01-13,3163441.0
2023-01-16,3163441.0
2023-01-17,3163441.0
2023-01-18,3163441.0
2023-01-19,3163441.0
2023-01-20,3163441.0
2023-01-23,3163441.0
2023-01-24,3163441.0
2023-01-25,3163441.0
2023-01-26,3163441.0
2023-01-27,3163441.0
2023-01-30,3163441.0
2023-01-31,3163441.0
2023-02-01,2849977.0
2023-02-02,2849977.0
2023-02-03,2849977.0
2023-02-06,2849977.0
2023-02-07,2849977.0
2023-02-08,2849977.0
2023-02-09,2849977.0
2023-02-10,2849977.0
2023-02-13,2849977.0
2023-02-14,2849977.0
2023-02-15,2849977.0
2023-02-16,2849977.0
2023-02-17,2849977.0
2023-02-20,2849977.0
2023-02-21,2849977.0
2023-02-22,2849977.0
2023-02-23,2849977.0
2023-02-24,2849977.0
2023-02-27,2849977.0
2023-02-28,2849977.0
2023-03-01,3199630.0
2023-03-02,3199630.0
2023-03-03,3199630.0
2023-03-06,3199630.0
2023-03-07,3199630.0
2023-03-08,3199630.0
2023-03-09,3199630.0
2023-03-10,3199630.0
2023-03-13,3199630.0
2023-03-14,3199630.0
2023-03-15,3199630.0
2023-03-16,3199630.0
2023-03-17,3199630.0
2023-03-20,3199630.0
2023-03-21,3199630.0
2023-03-22,3199630.0
2023-03-23,3199630.0
2023-03-24,3199630.0
2023-03-27,3199630.0
2023-03-28,3199630.0
2023-03-29,3199630.0
2023-03-30,3199630.0
2023-03-31,3199630.0
2023-04-03,3068993.0
2023-04-04,3068993.0
2023-04-05,3068993.0
2023-04-06,3068993.0
2023-04-07,3068993.0
2023-04-10,3068993.0
2023-04-11,3068993.0
2023-04-12,3068993.0
2023-04-13,3068993.0
2023-04-14,3068993.0
2023-04-17,3068993.0
2023-04-18,3068993.0
2023-04-19,3068993.0
2023-04-20,3068993.0
2023-04-21,3068993.0
2023-04-24,3068993.0
2023-04-25,3068993.0
2023-04-26,3068993.0
2023-04-27,3068993.0
2023-04-28,3068993.0
2023-05-01,3208362.0
2023-05-02,3208362.0
2023-05-03,3208362.0
2023-05-04,3208362.0
2023-05-05,3208362.0
2023-05-08,3208362.0
2023-05-09,3208362.0
2023-05-10,3208362.0
2023-05-11,3208362.0
2023-05-12,3208362.0
2023-05-15,3208362.0
2023-05-16,3208362.0
2023-05-17,3208362.0
2023-05-18,3208362.0
2023-05-19,3208362.0
2023-05-22,3208362.0
2023-05-23,3208362.0
2023-05-24,3208362.0
2023-05-25,3208362.0
2023-05-26,3208362.0
2023-05-29,3208362.0
2023-05-30,3208362.0
2023-05-31,3208362.0
2023-06-01,3093582.0
2023-06-02,3093582.0
2023-06-05,3093582.0
2023-06-06,3093582.0
2023-06-07,3093582.0
2023-06-08,3093582.0
2023-06-09,3093582.0
2023-06-12,3093582.0
2023-06-13,3093582.0
2023-06-14,3093582.0
2023-06-15,3093582.0
2023-06-16,3093582.0
2023-06-19,3093582.0
2023-06-20,3093582.0
2023-06-21,3093582.0
2023-06-22,3093582.0
2023-06-23,3093582.0
2023-06-26,3093582.0
2023-06-27,3093582.0
2023-06-28,3093582.0
2023-06-29,3093582.0
2023-06-30,3093582.0
2023-07-03,3203505.0
2023-07-04,3203505.0
2023-07-05,3203505.0
2023-07-06,3203505.0
2023-07-07,3203505.0
2023-07-10,3203505.0
2023-07-11,3203505.0
2023-07-12,3203505.0
2023-07-13,3203505.0
2023-07-14,3203505.0
2023-07-17,3203505.0
2023-07-18,3203505.0
2023-07-19,3203505.0
2023-07-20,3203505.0
2023-07-21,3203505.0
2023-07-24,3203505.0
2023-07-25,3203505.0
2023-07-26,3203505.0
2023-07-27,3203505.0
2023-07-28,3203505.0
2023-07-31,3203505.0
2023-08-01,3225854.0
2023-08-02,3225854.0
2023-08-03,3225854.0
2023-08-04,3225854.0
2023-08-07,3225854.0
2023-08-08,3225854.0
2023-08-09,3225854.0
2023-08-10,3225854.0
2023-08-11,3225854.0
2023-08-14,3225854.0
2023-08-15,3225854.0
2023-08-16,3225854.0
2023-08-17,3225854.0
2023-08-18,3225854.0
2023-08-21,3225854.0
2023-08-22,3225854.0
2023-08-23,3225854.0
2023-08-24,3225854.0
2023-08-25,3225854.0
2023-08-28,3225854.0
2023-08-29,3225854.0
2023-08-30,3225854.0
2023-08-31,3225854.0
2023-09-01,3125494.0
2023-09-04,3125494.0
2023-09-05,3125494.0
2023-09-06,3125494.0
2023-09-07,3125494.0
2023-09-08,3125494.0
2023-09-11,3125494.0
2023-09-12,3125494.0
2023-09-13,3125494.0
2023-09-14,3125494.0
2023-09-15,3125494.0
2023-09-18,3125494.0
2023-09-19,3125494.0
2023-09-20,3125494.0
2023-09-21,3125494.0
2023-09-22,3125494.0
2023-09-25,3125494.0
2023-09-26,3125494.0
2023-09-27,3125494.0
2023-09-28,3125494.0
2023-09-29,3125494.0
2023-10-02,3225909.0
2023-10-03,3225909.0
2023-10-04,3225909.0
2023-10-05,3225909.0
2023-10-06,3225909.0
2023-10-09,3225909.0
2023-10-10,3225909.0
2023-10-11,3225909.0
2023-10-12,3225909.0
2023-10-13,3225909.0
2023-10-16,3225909.0
2023-10-17,3225909.0
2023-10-18,3225909.0
2023-10-19,3225909.0
2023-10-20,3225909.0
2023-10-23,3225909.0
2023-10-24,3225909.0
2023-10-25,3225909.0
2023-10-26,3225909.0
2023-10-27,3225909.0
2023-10-30,3225909.0
2023-10-31,3225909.0
2023-11-01,3166491.0
2023-11-02,3166491.0
2023-11-03,3166491.0
2023-11-06,3166491.0
2023-11-07,3166491.0
2023-11-08,3166491.0
2023-11-09,3166491.0
2023-11-10,3166491.0
2023-11-13,3166491.0
2023-11-14,3166491.0
2023-11-15,3166491.0
2023-11-16,3166491.0
2023-11-17,3166491.0
2023-11-20,3166491.0
2023-11-21,3166491.0
2023-11-22,3166491.0
2023-11-23,3166491.0
2023-11-24,3166491.0
2023-11-27,3166491.0
2023-11-28,3166491.0
2023-11-29,3166491.0
2023-11-30,3166491.0
2023-12-01,3272031.0
2023-12-04,3272031.0
2023-12-05,3272031.0
2023-12-06,3272031.0
2023-12-07,3272031.0
2023-12-08,3272031.0
2023-12-11,3272031.0
2023-12-12,3272031.0
2023-12-13,3272031.0
2023-12-14,3272031.0
2023-12-15,3272031.0
2023-12-18,3272031.0
2023-12-19,3272031.0
2023-12-20,3272031.0
2023-12-21,3272031.0
2023-12-22,3272031.0
2023-12-25,3272031.0
2023-12-26,3272031.0
2023-12-27,3272031.0
2023-12-28,3272031.0
2023-12-29,3272031.0
2024-01-01,3206334.0
2024-01-02,3206334.0
2024-01-03,3206334.0
2024-01-04,3206334.0
2024-01-05,3206334.0
2024-01-08,3206334.0
2024-01-09,3206334.0
2024-01-10,3206334.0
2024-01-11,3206334.0
2024-01-12,3206334.0
2024-01-15,3206334.0
2024-01-16,3206334.0
2024-01-17,3206334.0
2024-01-18,3206334.0
2024-01-19,3206334.0
2024-01-22,3206334.0
2024-01-23,3206334.0
2024-01-24,3206334.0
2024-01-25,3206334.0
2024-01-26,3206334.0
2024-01-29,3206334.0
2024-01-30,3206334.0
2024-01-31,3206334.0
2024-02-01,3071164.0
2024-02-02,3071164.0
2024-02-05,3071164.0
2024-02-06,3071164.0
2024-02-07,3071164.0
2024-02-08,3071164.0
2024-02-09,3071164.0
2024-02-12,3071164.0
2024-02-13,3071164.0
2024-02-14,3071164.0
2024-02-15,3071164.0
2024-02-16,3071164.0
2024-02-19,3071164.0
2024-02-20,3071164.0
2024-02-21,3071164.0
2024-02-22,3071164.0
2024-02-23,3071164.0
2024-02-26,3071164.0
2024-02-27,3071164.0
2024-02-28,3071164.0
2024-02-29,3071164.0
2024-03-01,3180533.0
2024-03-04,3180533.0
2024-03-05,3180533.0
2024-03-06,3180533.0
2024-03-07,3180533.0
2024-03-08,3180533.0
2024-03-11,3180533.0
2024-03-12,3180533.0
2024-03-13,3180533.0
2024-03-14,3180533.0
2024-03-15,3180533.0
2024-03-18,3180533.0
2024-03-19,3180533.0
2024-03-20,3180533.0
2024-03-21,3180533.0
2024-03-22,3180533.0
2024-03-25,3180533.0
2024-03-26,3180533.0
2024-03-27,3180533.0
2024-03-28,3180533.0
2024-03-29,3180533.0
2024-04-01,3050488.0
2024-04-02,3050488.0
2024-04-03,3050488.0
2024-04-04,3050488.0
2024-04-05,3050488.0
2024-04-08,3050488.0
2024-04-09,3050488.0
2024-04-10,3050488.0
2024-04-11,3050488.0
2024-04-12,3050488.0
2024-04-15,3050488.0
2024-04-16,3050488.0
2024-04-17,3050488.0
2024-04-18,3050488.0
2024-04-19,3050488.0
2024-04-22,3050488.0
2024-04-23,3050488.0
2024-04-24,3050488.0
2024-04-25,3050488.0
2024-04-26,3050488.0
2024-04-29,3050488.0
2024-04-30,3050488.0
2024-05-01,3146543.0
2024-05-02,3146543.0
2024-05-03,3146543.0
2024-05-06,3146543.0
2024-05-07,3146543.0
2024-05-08,3146543.0
2024-05-09,3146543.0
2024-05-10,3146543.0
2024-05-13,3146543.0
2024-05-14,3146543.0
2024-05-15,3146543.0
2024-05-16,3146543.0
2024-05-17,3146543.0
2024-05-20,3146543.0
2024-05-21,3146543.0
2024-05-22,3146543.0
2024-05-23,3146543.0
2024-05-24,3146543.0
2024-05-27,3146543.0
2024-05-28,3146543.0
2024-05-29,3146543.0
2024-05-30,3146543.0
2024-05-31,3146543.0
2024-06-03,3083100.0
2024-06-04,3083100.0
2024-06-05,3083100.0
2024-06-06,3083100.0
2024-06-07,3083100.0
2024-06-10,3083100.0
2024-06-11,3083100.0
2024-06-12,3083100.0
2024-06-13,3083100.0
2024-06-14,3083100.0
2024-06-17,3083100.0
2024-06-18,3083100.0
2024-06-19,3083100.0
2024-06-20,3083100.0
2024-06-21,3083100.0
2024-06-24,3083100.0
2024-06-25,3083100.0
2024-06-26,3083100.0
2024-06-27,3083100.0
2024-06-28,3083100.0
2024-07-01,3227681.0
2024-07-02,3227681.0
2024-07-03,3227681.0
2024-07-04,3227681.0
2024-07-05,3227681.0
2024-07-08,3227681.0
2024-07-09,3227681.0
2024-07-10,3227681.0
2024-07-11,3227681.0
2024-07-12,3227681.0
2024-07-15,3227681.0
2024-07-16,3227681.0
2024-07-17,3227681.0
2024-07-18,3227681.0
2024-07-19,3227681.0
2024-07-22,3227681.0
2024-07-23,3227681.0
2024-07-24,3227681.0
2024-07-25,3227681.0
2024-07-26,3227681.0
2024-07-29,3227681.0
2024-07-30,3227681.0
2024-07-31,3227681.0
2024-08-01,3194547.0
2024-08-02,3194547.0
2024-08-05,3194547.0
2024-08-06,3194547.0
2024-08-07,3194547.0
2024-08-08,3194547.0
2024-08-09,3194547.0
2024-08-12,3194547.0
2024-08-13,3194547.0
2024-08-14,3194547.0
2024-08-15,3194547.0
2024-08-16,3194547.0
2024-08-19,3194547.0
2024-08-20,3194547.0
2024-08-21,3194547.0
2024-08-22,3194547.0
2024-08-23,3194547.0
2024-08-26,3194547.0
2024-08-27,3194547.0
2024-08-28,3194547.0
2024-08-29,3194547.0
2024-08-30,3194547.0
2024-09-02,3053998.0
2024-09-03,3053998.0
2024-09-04,3053998.0
2024-09-05,3053998.0
2024-09-06,3053998.0
2024-09-09,3053998.0
2024-09-10,3053998.0
2024-09-11,3053998.0
2024-09-12,3053998.0
2024-09-13,3053998.0
2024-09-16,3053998.0
2024-09-17,3053998.0
2024-09-18,3053998.0
2024-09-19,3053998.0
2024-09-20,3053998.0
2024-09-23,3053998.0
2024-09-24,3053998.0
2024-09-25,3053998.0
2024-09-26,3053998.0
2024-09-27,3053998.0
2024-09-30,3053998.0
2024-10-01,3189491.0
2024-10-02,3189491.0
2024-10-03,3189491.0
2024-10-04,3189491.0
2024-10-07,3189491.0
2024-10-08,3189491.0
2024-10-09,3189491.0
2024-10-10,3189491.0
2024-10-11,3189491.0
2024-10-14,3189491.0
2024-10-15,3189491.0
2024-10-16,3189491.0
2024-10-17,3189491.0
2024-10-18,3189491.0
2024-10-21,3189491.0
2024-10-22,3189491.0
2024-10-23,3189491.0
2024-10-24,3189491.0
2024-10-25,3189491.0
2024-10-28,3189491.0
2024-10-29,3189491.0
2024-10-30,3189491.0
2024-10-31,3189491.0
2024-11-01,3089788.0
2024-11-04,3089788.0
2024-11-05,3089788.0
2024-11-06,3089788.0
2024-11-07,3089788.0
2024-11-08,3089788.0
2024-11-11,3089788.0
2024-11-12,3089788.0
2024-11-13,3089788.0
2024-11-14,3089788.0
2024-11-15,3089788.0
2024-11-18,3089788.0
2024-11-19,3089788.0
2024-11-20,3089788.0
2024-11-21,3089788.0
2024-11-22,3089788.0
2024-11-25,3089788.0
2024-11-26,3089788.0
2024-11-27,3089788.0
2024-11-28,3089788.0
2024-11-29,3089788.0
2024-12-02,3272940.0
2024-12-03,3272940.0
2024-12-04,3272940.0
2024-12-05,3272940.0
2024-12-06,3272940.0
2024-12-09,3272940.0
2024-12-10,3272940.0
2024-12-11,3272940.0
2024-12-12,3272940.0
2024-12-13,3272940.0
2024-12-16,3272940.0
2024-12-17,3272940.0
2024-12-18,3272940.0
2024-12-19,3272940.0
2024-12-20,3272940.0
2024-12-23,3272940.0
2024-12-24,3272940.0
2024-12-25,3272940.0
2024-12-26,3272940.0
2024-12-27,3272940.0
2024-12-30,3272940.0
2024-12-31,3272940.0
2025-01-01,3235544.0
2025-01-02,3235544.0
2025-01-03,3235544.0
2025-01-06,3235544.0
2025-01-07,3235544.0
2025-01-08,3235544.0
2025-01-09,3235544.0
2025-01-10,3235544.0
2025-01-13,3235544.0
2025-01-14,3235544.0
2025-01-15,3235544.0
2025-01-16,3235544.0
2025-01-17,3235544.0
2025-01-20,3235544.0
2025-01-21,3235544.0
2025-01-22,3235544.0
2025-01-23,3235544.0
2025-01-24,3235544.0
2025-01-27,3235544.0
2025-01-28,3235544.0
2025-01-29,3235544.0
2025-01-30,3235544.0
2025-01-31,3235544.0
2025-02-03,2938995.0
2025-02-04,2938995.0
2025-02-05,2938995.0
2025-02-06,2938995.0
2025-02-07,2938995.0
2025-02-10,2938995.0
2025-02-11,2938995.0
2025-02-12,2938995.0
2025-02-13,2938995.0
2025-02-14,2938995.0
2025-02-17,2938995.0
2025-02-18,2938995.0
2025-02-19,2938995.0
2025-02-20,2938995.0
2025-02-21,2938995.0
2025-02-24,2938995.0
2025-02-25,2938995.0
2025-02-26,2938995.0
2025-02-27,2938995.0
2025-02-28,2938995.0
2025-03-03,3330947.0
2025-03-04,3330947.0
2025-03-05,3330947.0
2025-03-06,3330947.0
2025-03-07,3330947.0
2025-03-10,3330947.0
2025-03-11,3330947.0
2025-03-12,3330947.0
2025-03-13,3330947.0
2025-03-14,3330947.0
2025-03-17,3330947.0
2025-03-18,3330947.0
2025-03-19,3330947.0
2025-03-20,3330947.0
2025-03-21,3330947.0
2025-03-24,3330947.0
2025-03-25,3330947.0
2025-03-26,3330947.0
2025-03-27,3330947.0
2025-03-28,3330947.0
2025-03-31,3330947.0
2025-04-01,3210882.0
2025-04-02,3210882.0
2025-04-03,3210882.0
2025-04-04,3210882.0
2025-04-07,3210882.0
2025-04-08,3210882.0
2025-04-09,3210882.0
2025-04-10,3210882.0
2025-04-11,3210882.0
2025-04-14,3210882.0
2025-04-15,3210882.0
2025-04-16,3210882.0
2025-04-17,3210882.0
2025-04-18,3210882.0
2025-04-21,3210882.0
2025-04-22,3210882.0
2025-04-23,3210882.0
2025-04-24,3210882.0
2025-04-25,3210882.0
2025-04-28,3210882.0
2025-04-29,3210882.0
2025-04-30,3210882.0
2025-05-01,3305711.0
2025-05-02,3305711.0
2025-05-05,3305711.0
2025-05-06,3305711.0
2025-05-07,3305711.0
2025-05-08,3305711.0
2025-05-09,3305711.0
2025-05-12,3305711.0
2025-05-13,3305711.0
2025-05-14,3305711.0
2025-05-15,3305711.0
2025-05-16,3305711.0
2025-05-19,3305711.0
2025-05-20,3305711.0
2025-05-21,3305711.0
2025-05-22,3305711.0
2025-05-23,3305711.0
2025-05-26,3305711.0
2025-05-27,3305711.0
2025-05-28,3305711.0
2025-05-29,3305711.0
2025-05-30,3305711.0
2025-06-02,3226358.0
2025-06-03,3226358.0
2025-06-04,3226358.0
2025-06-05,3226358.0
2025-06-06,3226358.0
2025-06-09,3226358.0
2025-06-10,3226358.0
2025-06-11,3226358.0
2025-06-12,3226358.0
2025-06-13,3226358.0
2025-06-16,3226358.0
2025-06-17,3226358.0
2025-06-18,3226358.0
2025-06-19,3226358.0
2025-06-20,3226358.0
2025-06-23,3226358.0
2025-06-24,3226358.0
2025-06-25,3226358.0
2025-06-26,3226358.0
2025-06-27,3226358.0
2025-06-30,3226358.0
2025-07-01,3354506.0
2025-07-02,3354506.0
2025-07-03,3354506.0
2025-07-04,3354506.0
2025-07-07,3354506.0
2025-07-08,3354506.0
2025-07-09,3354506.0
2025-07-10,3354506.0
2025-07-11,3354506.0
2025-07-14,3354506.0
2025-07-15,3354506.0
2025-07-16,3354506.0
2025-07-17,3354506.0
2025-07-18,3354506.0
2025-07-21,3354506.0
2025-07-22,3354506.0
2025-07-23,3354506.0
2025-07-24,3354506.0
2025-07-25,3354506.0
2025-07-28,3354506.0
2025-07-29,3354506.0
2025-07-30,3354506.0
2025-07-31,3354506.0
2025-08-01,3372895.0
2025-08-04,3372895.0
2025-08-05,3372895.0
2025-08-06,3372895.0
2025-08-07,3372895.0
2025-08-08,3372895.0
2025-08-11,3372895.0
2025-08-12,3372895.0
2025-08-13,3372895.0
2025-08-14,3372895.0
2025-08-15,3372895.0
2025-08-18,3372895.0
2025-08-19,3372895.0
2025-08-20,3372895.0
2025-08-21,3372895.0
2025-08-22,3372895.0
2025-08-25,3372895.0
2025-08-26,3372895.0
2025-08-27,3372895.0
2025-08-28,3372895.0
2025-08-29,3372895.0
2025-09-01,3247480.0
